Omega,P
1.784250000000000000e+03,3.606347500000000000e+05
