Compression_ratio,Efficiency,Massflow,Omega,P
2.054216999999999960e+00,8.713039999999999674e-01,2.014639800000000136e+01,1.753829999999999927e+03,3.685465499999999884e+05
