Compression_ratio,Efficiency,Massflow,Omega,P
1.910500000000000087e+00,8.599649999999999794e-01,1.843706800000000001e+01,1.650329999999999927e+03,3.751695499999999884e+05
