Compression_ratio,Efficiency,Massflow,Omega,P
2.029408999999999796e+00,8.704290000000000083e-01,1.972251500000000135e+01,1.719990000000000009e+03,3.722160499999999884e+05
