Compression_ratio,Efficiency,Massflow,Omega,P
1.875243999999999911e+00,8.806810000000000471e-01,1.882863700000000051e+01,1.638990000000000009e+03,3.605452500000000000e+05
