Compression_ratio,Efficiency,Massflow,Omega,P
2.035304000000000002e+00,8.698759999999999826e-01,1.960915400000000020e+01,1.722690000000000055e+03,3.755454500000000116e+05
