Compression_ratio,Efficiency,Massflow,Omega,P
1.988772999999999902e+00,8.735220000000000207e-01,1.946854499999999888e+01,1.708829999999999927e+03,3.694594500000000116e+05
