Compression_ratio,Efficiency,Massflow,Omega,P
2.029266999999999932e+00,8.652400000000000091e-01,2.003976499999999916e+01,1.742490000000000009e+03,3.659331500000000233e+05
