Compression_ratio,Efficiency,Massflow,Omega,P
1.960298000000000096e+00,8.831200000000000161e-01,1.950638199999999856e+01,1.683809999999999945e+03,3.635524500000000116e+05
