Compression_ratio,Efficiency,Massflow,Omega,P
1.997125999999999957e+00,8.693410000000000304e-01,2.011169999999999902e+01,1.739069999999999936e+03,3.588984500000000116e+05
