Compression_ratio,Efficiency,Massflow,Omega,P
2.066743000000000219e+00,8.545249999999999790e-01,2.005716599999999872e+01,1.767690000000000055e+03,3.721623499999999767e+05
