Omega,P
1.740150000000000091e+03,3.619772500000000000e+05
