Compression_ratio,Efficiency,Massflow,Omega,P
2.105818000000000190e+00,8.612020000000000231e-01,2.035558100000000081e+01,1.790730000000000018e+03,3.737554500000000116e+05
