Compression_ratio,Efficiency,Massflow,Omega,P
1.977537000000000100e+00,8.760390000000000121e-01,1.926745899999999878e+01,1.696950000000000045e+03,3.711957500000000000e+05
