Omega,P
1.777049999999999955e+03,3.668997500000000000e+05
