Compression_ratio,Efficiency,Massflow,Omega,P
1.999595000000000011e+00,8.783199999999999896e-01,1.940161900000000017e+01,1.704509999999999991e+03,3.729499500000000116e+05
