Compression_ratio,Efficiency,Massflow,Omega,P
2.089166000000000079e+00,8.589550000000000241e-01,2.004767199999999860e+01,1.774170000000000073e+03,3.763867500000000000e+05
