Compression_ratio,Efficiency,Massflow,Omega,P
2.043639000000000205e+00,8.671560000000000379e-01,1.996131700000000109e+01,1.752390000000000100e+03,3.701217500000000000e+05
