Compression_ratio,Efficiency,Massflow,Omega,P
1.977419999999999956e+00,8.778169999999999584e-01,1.926210299999999975e+01,1.686150000000000091e+03,3.715179500000000116e+05
