Compression_ratio,Efficiency,Massflow,Omega,P
1.912250000000000005e+00,8.793100000000000360e-01,1.878335699999999875e+01,1.651049999999999955e+03,3.684928499999999767e+05
