Compression_ratio,Efficiency,Massflow,Omega,P
2.030235999999999930e+00,8.585359999999999658e-01,2.020765600000000006e+01,1.774349999999999909e+03,3.627827500000000000e+05
