Compression_ratio,Efficiency,Massflow,Omega,P
2.040805000000000202e+00,8.521530000000000493e-01,2.037089900000000142e+01,1.798470000000000027e+03,3.612612500000000000e+05
