Compression_ratio,Efficiency,Massflow,Omega,P
2.088719000000000214e+00,8.698489999999999833e-01,2.043707600000000113e+01,1.782450000000000045e+03,3.692267500000000000e+05
