Compression_ratio,Efficiency,Massflow,Omega,P
1.956849999999999978e+00,8.787220000000000031e-01,1.964228599999999858e+01,1.694609999999999900e+03,3.602946500000000233e+05
