Compression_ratio,Efficiency,Massflow,Omega,P
2.055212000000000039e+00,8.712140000000000439e-01,2.026668499999999895e+01,1.764630000000000109e+03,3.662732500000000000e+05
