Compression_ratio,Efficiency,Massflow,Omega,P
2.058507000000000087e+00,8.617960000000000065e-01,2.018198599999999843e+01,1.757069999999999936e+03,3.685823499999999767e+05
