Compression_ratio,Efficiency,Massflow,Omega,P
1.929524000000000017e+00,8.797350000000000447e-01,1.943924300000000116e+01,1.685609999999999900e+03,3.590595499999999884e+05
