Compression_ratio,Efficiency,Massflow,Omega,P
1.931486000000000036e+00,8.779470000000000329e-01,1.918532799999999838e+01,1.673549999999999955e+03,3.641968499999999767e+05
