Compression_ratio,Efficiency,Massflow,Omega,P
2.037571999999999939e+00,8.769829999999999570e-01,1.994784299999999888e+01,1.745009999999999991e+03,3.691372500000000000e+05
