Compression_ratio,Efficiency,Massflow,Omega,P
1.944325000000000081e+00,8.806559999999999944e-01,1.918065100000000101e+01,1.668509999999999991e+03,3.668997500000000000e+05
