Compression_ratio,Efficiency,Massflow,Omega,P
2.050837000000000021e+00,8.715039999999999454e-01,2.007601199999999864e+01,1.757250000000000000e+03,3.693699500000000116e+05
