Compression_ratio,Efficiency,Massflow,Omega,P
1.948279000000000094e+00,8.753560000000000230e-01,1.949185900000000160e+01,1.691190000000000055e+03,3.615118499999999767e+05
