Compression_ratio,Efficiency,Massflow,Omega,P
2.027902000000000093e+00,8.588510000000000311e-01,2.011083599999999905e+01,1.751490000000000009e+03,3.641610499999999884e+05
