Omega,P
1.747349999999999909e+03,3.752232500000000000e+05
