Compression_ratio,Efficiency,Massflow,Omega,P
1.875966000000000022e+00,8.650839999999999641e-01,1.812803500000000057e+01,1.623690000000000055e+03,3.746504500000000116e+05
