Compression_ratio,Efficiency,Massflow,Omega,P
2.113843000000000139e+00,8.493640000000000079e-01,2.032869399999999871e+01,1.795769999999999982e+03,3.756886500000000233e+05
