Compression_ratio,Efficiency,Massflow,Omega,P
1.893189000000000011e+00,8.624939999999999829e-01,1.839802299999999846e+01,1.645109999999999900e+03,3.722339500000000116e+05
