Omega,P
1.639349999999999909e+03,3.747757500000000000e+05
