Compression_ratio,Efficiency,Massflow,Omega,P
2.052969000000000044e+00,8.697650000000000103e-01,1.990579999999999927e+01,1.737809999999999945e+03,3.730573499999999767e+05
