Omega,P
1.721250000000000000e+03,3.698532500000000000e+05
