Compression_ratio,Efficiency,Massflow,Omega,P
1.877888000000000002e+00,8.814699999999999758e-01,1.872081299999999970e+01,1.636289999999999964e+03,3.629617500000000000e+05
