Compression_ratio,Efficiency,Massflow,Omega,P
1.944409999999999972e+00,8.847049999999999637e-01,1.943970099999999945e+01,1.676970000000000027e+03,3.618340499999999884e+05
