Compression_ratio,Efficiency,Massflow,Omega,P
1.893305999999999933e+00,8.858800000000000008e-01,1.906443600000000060e+01,1.637369999999999891e+03,3.594891500000000233e+05
