Compression_ratio,Efficiency,Massflow,Omega,P
2.078174999999999883e+00,8.511919999999999487e-01,2.025282800000000094e+01,1.779930000000000064e+03,3.707482500000000000e+05
