Compression_ratio,Efficiency,Massflow,Omega,P
1.953262999999999971e+00,8.687770000000000215e-01,1.895830499999999930e+01,1.678950000000000045e+03,3.728067500000000000e+05
