Compression_ratio,Efficiency,Massflow,Omega,P
1.997875999999999985e+00,8.831750000000000433e-01,1.988063700000000011e+01,1.715849999999999909e+03,3.633376500000000233e+05
