Compression_ratio,Efficiency,Massflow,Omega,P
2.014940999999999871e+00,8.766169999999999796e-01,1.959137099999999876e+01,1.726650000000000091e+03,3.719475499999999884e+05
