Compression_ratio,Efficiency,Massflow,Omega,P
2.065405000000000157e+00,8.514909999999999979e-01,2.008577999999999975e+01,1.786230000000000018e+03,3.716253499999999767e+05
