Compression_ratio,Efficiency,Massflow,Omega,P
1.948383999999999894e+00,8.811860000000000248e-01,1.916996400000000023e+01,1.682730000000000018e+03,3.678484500000000116e+05
