Omega,P
1.641150000000000091e+03,3.644832500000000000e+05
