Compression_ratio,Efficiency,Massflow,Omega,P
1.894308000000000103e+00,8.696450000000000014e-01,1.867103600000000085e+01,1.650150000000000091e+03,3.672935499999999884e+05
