Compression_ratio,Efficiency,Massflow,Omega,P
2.020840000000000192e+00,8.656810000000000338e-01,2.025909499999999852e+01,1.761930000000000064e+03,3.600977500000000000e+05
