Compression_ratio,Efficiency,Massflow,Omega,P
1.914284000000000097e+00,8.643790000000000084e-01,1.845157700000000034e+01,1.653210000000000036e+03,3.754917500000000000e+05
