Compression_ratio,Efficiency,Massflow,Omega,P
1.946485000000000021e+00,8.776580000000000492e-01,1.929005099999999828e+01,1.677509999999999991e+03,3.651634500000000116e+05
