Compression_ratio,Efficiency,Massflow,Omega,P
1.877239000000000102e+00,8.641020000000000367e-01,1.804706499999999991e+01,1.633950000000000045e+03,3.764225499999999884e+05
