Compression_ratio,Efficiency,Massflow,Omega,P
1.992318999999999951e+00,8.677280000000000548e-01,1.952477299999999971e+01,1.712430000000000064e+03,3.691551500000000233e+05
