Compression_ratio,Efficiency,Massflow,Omega,P
2.009811000000000014e+00,8.776329999999999965e-01,2.019924400000000020e+01,1.734029999999999973e+03,3.597755499999999884e+05
