Compression_ratio,Efficiency,Massflow,Omega,P
1.899564999999999948e+00,8.787549999999999528e-01,1.883186900000000108e+01,1.647089999999999918e+03,3.652171500000000233e+05
