Compression_ratio,Efficiency,Massflow,Omega,P
1.963802999999999965e+00,8.691710000000000269e-01,1.913716300000000103e+01,1.674089999999999918e+03,3.714284500000000116e+05
