Compression_ratio,Efficiency,Massflow,Omega,P
1.968013999999999930e+00,8.683729999999999505e-01,1.948530200000000079e+01,1.702349999999999909e+03,3.652350499999999884e+05
