Compression_ratio,Efficiency,Massflow,Omega,P
1.918879000000000001e+00,8.783860000000000001e-01,1.888515800000000056e+01,1.658250000000000000e+03,3.676157500000000000e+05
