Compression_ratio,Efficiency,Massflow,Omega,P
2.032573999999999881e+00,8.764999999999999458e-01,1.983254900000000021e+01,1.730430000000000064e+03,3.705871500000000233e+05
