Compression_ratio,Efficiency,Massflow,Omega,P
2.023143000000000136e+00,8.635960000000000303e-01,1.969401600000000130e+01,1.732049999999999955e+03,3.711062500000000000e+05
