Compression_ratio,Efficiency,Massflow,Omega,P
1.960553999999999908e+00,8.762900000000000134e-01,1.925546699999999944e+01,1.680569999999999936e+03,3.683675499999999884e+05
