Compression_ratio,Efficiency,Massflow,Omega,P
2.038428000000000129e+00,8.720909999999999496e-01,2.026923700000000039e+01,1.747529999999999973e+03,3.633734500000000116e+05
