Compression_ratio,Efficiency,Massflow,Omega,P
2.046184999999999921e+00,8.625460000000000349e-01,2.054243500000000111e+01,1.785509999999999991e+03,3.596323499999999767e+05
