Compression_ratio,Efficiency,Massflow,Omega,P
2.002924000000000149e+00,8.755659999999999554e-01,2.016635199999999983e+01,1.734210000000000036e+03,3.588626500000000233e+05
