Omega,P
1.778849999999999909e+03,3.695847500000000000e+05
