Compression_ratio,Efficiency,Massflow,Omega,P
1.993986000000000036e+00,8.710240000000000204e-01,1.986683599999999927e+01,1.720890000000000100e+03,3.628901500000000233e+05
