Compression_ratio,Efficiency,Massflow,Omega,P
2.087180000000000035e+00,8.464270000000000405e-01,2.022731399999999979e+01,1.797390000000000100e+03,3.723592500000000000e+05
