Compression_ratio,Efficiency,Massflow,Omega,P
1.866929999999999978e+00,8.811229999999999896e-01,1.876559800000000067e+01,1.629269999999999982e+03,3.601693499999999767e+05
