Compression_ratio,Efficiency,Massflow,Omega,P
2.059959000000000096e+00,8.571879999999999500e-01,2.037580600000000075e+01,1.779750000000000000e+03,3.648591500000000233e+05
