Omega,P
1.648349999999999909e+03,3.686897500000000000e+05
