Compression_ratio,Efficiency,Massflow,Omega,P
1.940846000000000071e+00,8.861109999999999820e-01,1.943865299999999863e+01,1.680390000000000100e+03,3.612791500000000233e+05
