Compression_ratio,Efficiency,Massflow,Omega,P
2.058235999999999954e+00,8.717979999999999619e-01,1.981745199999999940e+01,1.728269999999999982e+03,3.756707500000000000e+05
