Compression_ratio,Efficiency,Massflow,Omega,P
2.007989999999999942e+00,8.739010000000000389e-01,1.967626599999999826e+01,1.721069999999999936e+03,3.688508499999999767e+05
