Compression_ratio,Efficiency,Massflow,Omega,P
2.067095000000000127e+00,8.558160000000000212e-01,1.999258499999999827e+01,1.770390000000000100e+03,3.735406500000000233e+05
