Compression_ratio,Efficiency,Massflow,Omega,P
1.906506999999999952e+00,8.758249999999999647e-01,1.897990100000000169e+01,1.656089999999999918e+03,3.635703499999999767e+05
