Compression_ratio,Efficiency,Massflow,Omega,P
1.933257999999999921e+00,8.663429999999999742e-01,1.870262699999999967e+01,1.668329999999999927e+03,3.741134500000000116e+05
