Compression_ratio,Efficiency,Massflow,Omega,P
2.007162000000000113e+00,8.579989999999999561e-01,2.013574099999999945e+01,1.783529999999999973e+03,3.596144500000000116e+05
