Omega,P
1.649250000000000000e+03,3.764762500000000000e+05
