Compression_ratio,Efficiency,Massflow,Omega,P
1.954742999999999897e+00,8.749080000000000190e-01,1.912907399999999924e+01,1.684890000000000100e+03,3.697100499999999884e+05
