Compression_ratio,Efficiency,Massflow,Omega,P
2.073227000000000153e+00,8.685220000000000162e-01,2.038068799999999925e+01,1.784970000000000027e+03,3.674725499999999884e+05
