Compression_ratio,Efficiency,Massflow,Omega,P
1.951432999999999973e+00,8.843569999999999487e-01,1.928444500000000161e+01,1.676250000000000000e+03,3.662911500000000233e+05
