Compression_ratio,Efficiency,Massflow,Omega,P
1.989862000000000020e+00,8.674220000000000264e-01,1.925038800000000094e+01,1.705049999999999955e+03,3.738986500000000233e+05
