Compression_ratio,Efficiency,Massflow,Omega,P
2.012227999999999906e+00,8.742870000000000363e-01,2.012626099999999951e+01,1.740329999999999927e+03,3.613149500000000116e+05
