Omega,P
1.782450000000000045e+03,3.678842500000000000e+05
