Omega,P
1.713150000000000091e+03,3.635882500000000000e+05
