Omega,P
1.631250000000000000e+03,3.735227500000000000e+05
