Compression_ratio,Efficiency,Massflow,Omega,P
1.880452000000000012e+00,8.736669999999999714e-01,1.880763900000000177e+01,1.636109999999999900e+03,3.619772500000000000e+05
