Compression_ratio,Efficiency,Massflow,Omega,P
2.018498000000000125e+00,8.764459999999999473e-01,1.994425100000000128e+01,1.742309999999999945e+03,3.656825499999999884e+05
