Compression_ratio,Efficiency,Massflow,Omega,P
2.037342999999999904e+00,8.790700000000000180e-01,1.986177299999999946e+01,1.743390000000000100e+03,3.706229500000000116e+05
