Compression_ratio,Efficiency,Massflow,Omega,P
2.038581999999999894e+00,8.676490000000000036e-01,2.027743900000000110e+01,1.755990000000000009e+03,3.632302500000000000e+05
