Compression_ratio,Efficiency,Massflow,Omega,P
2.057234999999999925e+00,8.647000000000000242e-01,2.052403800000000089e+01,1.779569999999999936e+03,3.619056500000000233e+05
