Compression_ratio,Efficiency,Massflow,Omega,P
1.945276999999999923e+00,8.742170000000000218e-01,1.907459599999999966e+01,1.676430000000000064e+03,3.690119500000000116e+05
