Compression_ratio,Efficiency,Massflow,Omega,P
2.006988999999999912e+00,8.707979999999999610e-01,1.939555100000000110e+01,1.703970000000000027e+03,3.744356500000000233e+05
