Compression_ratio,Efficiency,Massflow,Omega,P
1.886114000000000068e+00,8.704309999999999548e-01,1.862671200000000127e+01,1.632869999999999891e+03,3.666133499999999767e+05
