Compression_ratio,Efficiency,Massflow,Omega,P
2.038933999999999802e+00,8.588930000000000176e-01,2.021174999999999855e+01,1.781549999999999955e+03,3.642147500000000000e+05
