Compression_ratio,Efficiency,Massflow,Omega,P
1.895853000000000010e+00,8.896730000000000471e-01,1.908964900000000142e+01,1.644029999999999973e+03,3.593996500000000233e+05
