Compression_ratio,Efficiency,Massflow,Omega,P
2.016035000000000021e+00,8.624039999999999484e-01,1.996855700000000056e+01,1.748609999999999900e+03,3.649128499999999767e+05
