Compression_ratio,Efficiency,Massflow,Omega,P
1.938585999999999920e+00,8.672170000000000156e-01,1.877262500000000145e+01,1.656809999999999945e+03,3.737196500000000233e+05
