Compression_ratio,Efficiency,Massflow,Omega,P
2.077285999999999966e+00,8.555439999999999712e-01,1.993722599999999900e+01,1.784789999999999964e+03,3.764046500000000233e+05
