Compression_ratio,Efficiency,Massflow,Omega,P
1.944730000000000070e+00,8.777380000000000182e-01,1.955641599999999869e+01,1.674269999999999982e+03,3.597218499999999767e+05
