Compression_ratio,Efficiency,Massflow,Omega,P
2.058469000000000104e+00,8.643680000000000252e-01,1.977019999999999911e+01,1.748430000000000064e+03,3.764404500000000116e+05
