Compression_ratio,Efficiency,Massflow,Omega,P
2.073386999999999869e+00,8.531579999999999719e-01,1.995676999999999879e+01,1.761569999999999936e+03,3.753485499999999884e+05
