Omega,P
1.696049999999999955e+03,3.595607500000000000e+05
