Compression_ratio,Efficiency,Massflow,Omega,P
1.963279999999999914e+00,8.689409999999999634e-01,1.938068399999999869e+01,1.690650000000000091e+03,3.663627500000000000e+05
