Compression_ratio,Efficiency,Massflow,Omega,P
1.886533999999999933e+00,8.696390000000000509e-01,1.825276900000000069e+01,1.628190000000000055e+03,3.742566500000000233e+05
