Compression_ratio,Efficiency,Massflow,Omega,P
2.093506000000000089e+00,8.667460000000000164e-01,2.012077400000000083e+01,1.778849999999999909e+03,3.761361500000000233e+05
