Compression_ratio,Efficiency,Massflow,Omega,P
2.080417000000000183e+00,8.538010000000000321e-01,2.007223199999999963e+01,1.777589999999999918e+03,3.744535499999999884e+05
