Compression_ratio,Efficiency,Massflow,Omega,P
2.029800999999999966e+00,8.685850000000000515e-01,2.004190600000000089e+01,1.759410000000000082e+03,3.660942500000000000e+05
