Compression_ratio,Efficiency,Massflow,Omega,P
1.909650000000000070e+00,8.839529999999999887e-01,1.900924600000000098e+01,1.657529999999999973e+03,3.635345499999999884e+05
