Compression_ratio,Efficiency,Massflow,Omega,P
1.998545999999999934e+00,8.814840000000000453e-01,1.999259899999999845e+01,1.723769999999999982e+03,3.614044500000000116e+05
