Omega,P
1.726650000000000091e+03,3.689582500000000000e+05
