Compression_ratio,Efficiency,Massflow,Omega,P
2.011104000000000003e+00,8.715389999999999526e-01,1.949595800000000168e+01,1.719630000000000109e+03,3.730394500000000116e+05
