Compression_ratio,Efficiency,Massflow,Omega,P
1.975592000000000015e+00,8.735110000000000374e-01,1.952104299999999881e+01,1.698930000000000064e+03,3.658615499999999884e+05
