Compression_ratio,Efficiency,Massflow,Omega,P
1.869086000000000025e+00,8.751750000000000362e-01,1.843233899999999892e+01,1.631789999999999964e+03,3.670071500000000233e+05
