Compression_ratio,Efficiency,Massflow,Omega,P
1.911192000000000002e+00,8.664460000000000495e-01,1.859380300000000119e+01,1.658069999999999936e+03,3.719654500000000116e+05
