Compression_ratio,Efficiency,Massflow,Omega,P
2.071006000000000125e+00,8.594300000000000272e-01,2.006523400000000024e+01,1.778309999999999945e+03,3.730036500000000233e+05
