Compression_ratio,Efficiency,Massflow,Omega,P
1.920528000000000013e+00,8.774570000000000425e-01,1.916868399999999895e+01,1.675170000000000073e+03,3.624784500000000116e+05
