Compression_ratio,Efficiency,Massflow,Omega,P
2.065685999999999911e+00,8.649059999999999526e-01,2.026244000000000156e+01,1.772369999999999891e+03,3.681527500000000000e+05
