Compression_ratio,Efficiency,Massflow,Omega,P
1.926482000000000028e+00,8.593009999999999815e-01,1.872186599999999856e+01,1.658430000000000064e+03,3.722876500000000233e+05
