Compression_ratio,Efficiency,Massflow,Omega,P
2.057967000000000102e+00,8.575199999999999489e-01,2.054877000000000109e+01,1.788029999999999973e+03,3.615297500000000000e+05
