Compression_ratio,Efficiency,Massflow,Omega,P
1.949743000000000004e+00,8.868599999999999817e-01,1.957469000000000037e+01,1.669589999999999918e+03,3.604736500000000233e+05
