Compression_ratio,Efficiency,Massflow,Omega,P
1.958193999999999990e+00,8.819000000000000172e-01,1.931349700000000169e+01,1.677690000000000055e+03,3.669176500000000233e+05
