Compression_ratio,Efficiency,Massflow,Omega,P
2.001469999999999860e+00,8.652199999999999891e-01,1.925510500000000036e+01,1.709910000000000082e+03,3.758855499999999884e+05
