Compression_ratio,Efficiency,Massflow,Omega,P
2.036531000000000091e+00,8.735199999999999632e-01,2.012303899999999857e+01,1.754190000000000055e+03,3.656646500000000233e+05
