Compression_ratio,Efficiency,Massflow,Omega,P
1.990553999999999935e+00,8.702079999999999815e-01,1.953944900000000118e+01,1.717109999999999900e+03,3.683854500000000116e+05
