Compression_ratio,Efficiency,Massflow,Omega,P
1.978237000000000023e+00,8.864119999999999777e-01,1.986187599999999875e+01,1.714230000000000018e+03,3.600619500000000116e+05
