Omega,P
1.764450000000000045e+03,3.728067500000000000e+05
