Compression_ratio,Efficiency,Massflow,Omega,P
2.002203000000000177e+00,8.745819999999999705e-01,1.943696100000000015e+01,1.712069999999999936e+03,3.726635499999999884e+05
