Compression_ratio,Efficiency,Massflow,Omega,P
1.995257999999999976e+00,8.707759999999999945e-01,1.998440000000000083e+01,1.736910000000000082e+03,3.607421500000000233e+05
