Compression_ratio,Efficiency,Massflow,Omega,P
1.910910000000000108e+00,8.867680000000000007e-01,1.920531400000000133e+01,1.651410000000000082e+03,3.599545499999999884e+05
