Compression_ratio,Efficiency,Massflow,Omega,P
2.034581999999999891e+00,8.671699999999999964e-01,2.037198199999999915e+01,1.772910000000000082e+03,3.605989500000000116e+05
