Omega,P
1.792349999999999909e+03,3.677052500000000000e+05
