Omega,P
1.705950000000000045e+03,3.592027500000000000e+05
