Compression_ratio,Efficiency,Massflow,Omega,P
2.027747000000000188e+00,8.717040000000000344e-01,2.008597500000000124e+01,1.743930000000000064e+03,3.650381500000000233e+05
