Compression_ratio,Efficiency,Massflow,Omega,P
1.944733000000000045e+00,8.849249999999999616e-01,1.958571699999999893e+01,1.684349999999999909e+03,3.592206500000000233e+05
