Compression_ratio,Efficiency,Massflow,Omega,P
1.901861999999999941e+00,8.658379999999999965e-01,1.875177899999999909e+01,1.649789999999999964e+03,3.669892500000000000e+05
