Compression_ratio,Efficiency,Massflow,Omega,P
1.945750000000000091e+00,8.742689999999999628e-01,1.937530900000000145e+01,1.697309999999999945e+03,3.632481500000000233e+05
