Compression_ratio,Efficiency,Massflow,Omega,P
2.075978999999999797e+00,8.587569999999999926e-01,2.056053299999999950e+01,1.794869999999999891e+03,3.643579500000000116e+05
