Omega,P
1.670849999999999909e+03,3.660047500000000000e+05
