Compression_ratio,Efficiency,Massflow,Omega,P
1.883191000000000059e+00,8.756890000000000507e-01,1.879873100000000008e+01,1.632329999999999927e+03,3.625142500000000000e+05
