Omega,P
1.763549999999999955e+03,3.588447500000000000e+05
