Compression_ratio,Efficiency,Massflow,Omega,P
1.991411999999999960e+00,8.858800000000000008e-01,1.919723600000000019e+01,1.688309999999999945e+03,3.754201500000000233e+05
