Omega,P
1.679849999999999909e+03,3.760287500000000000e+05
