Compression_ratio,Efficiency,Massflow,Omega,P
2.063285000000000036e+00,8.799630000000000507e-01,1.985136699999999976e+01,1.750410000000000082e+03,3.758318499999999767e+05
