Compression_ratio,Efficiency,Massflow,Omega,P
1.932792999999999983e+00,8.668869999999999632e-01,1.896749700000000161e+01,1.676069999999999936e+03,3.685286500000000233e+05
