Compression_ratio,Efficiency,Massflow,Omega,P
1.901861000000000024e+00,8.693579999999999641e-01,1.846588500000000010e+01,1.634670000000000073e+03,3.727351500000000233e+05
