Compression_ratio,Efficiency,Massflow,Omega,P
1.908563000000000009e+00,8.693260000000000431e-01,1.835683900000000079e+01,1.635569999999999936e+03,3.763688499999999767e+05
