Compression_ratio,Efficiency,Massflow,Omega,P
1.943478000000000039e+00,8.663159999999999750e-01,1.897409100000000137e+01,1.680930000000000064e+03,3.706945499999999884e+05
