Compression_ratio,Efficiency,Massflow,Omega,P
1.965649999999999897e+00,8.721529999999999561e-01,1.927417900000000017e+01,1.695329999999999927e+03,3.689940499999999884e+05
