Compression_ratio,Efficiency,Massflow,Omega,P
1.946469000000000005e+00,8.748660000000000325e-01,1.939028499999999866e+01,1.683990000000000009e+03,3.631586500000000233e+05
