Omega,P
1.785150000000000091e+03,3.642147500000000000e+05
