Compression_ratio,Efficiency,Massflow,Omega,P
2.057227000000000139e+00,8.629040000000000044e-01,2.002052499999999924e+01,1.763910000000000082e+03,3.713926500000000233e+05
