Compression_ratio,Efficiency,Massflow,Omega,P
1.888563999999999909e+00,8.831919999999999771e-01,1.868523700000000076e+01,1.626029999999999973e+03,3.660226500000000233e+05
