Compression_ratio,Efficiency,Massflow,Omega,P
1.870780000000000109e+00,8.775490000000000235e-01,1.846720699999999837e+01,1.625849999999999909e+03,3.665417500000000000e+05
