Compression_ratio,Efficiency,Massflow,Omega,P
2.084446999999999939e+00,8.597040000000000237e-01,2.033220700000000036e+01,1.797210000000000036e+03,3.702291500000000233e+05
