Compression_ratio,Efficiency,Massflow,Omega,P
2.046269999999999811e+00,8.608050000000000423e-01,1.994321499999999858e+01,1.746990000000000009e+03,3.708198499999999767e+05
