Omega,P
1.770750000000000000e+03,3.723592500000000000e+05
