Compression_ratio,Efficiency,Massflow,Omega,P
2.078793999999999809e+00,8.543570000000000331e-01,2.012997100000000117e+01,1.791809999999999945e+03,3.727709500000000116e+05
