Compression_ratio,Efficiency,Massflow,Omega,P
2.012614999999999821e+00,8.643520000000000092e-01,1.992201299999999975e+01,1.748250000000000000e+03,3.648054500000000116e+05
