Compression_ratio,Efficiency,Massflow,Omega,P
2.054492999999999903e+00,8.629050000000000331e-01,1.973886900000000111e+01,1.752210000000000036e+03,3.763151500000000233e+05
