Compression_ratio,Efficiency,Massflow,Omega,P
2.002117999999999842e+00,8.642360000000000042e-01,2.011553999999999931e+01,1.749509999999999991e+03,3.593280499999999884e+05
