Compression_ratio,Efficiency,Massflow,Omega,P
1.995006000000000057e+00,8.860569999999999835e-01,1.979617999999999967e+01,1.718730000000000018e+03,3.641431500000000233e+05
