Compression_ratio,Efficiency,Massflow,Omega,P
1.991530000000000022e+00,8.701699999999999990e-01,1.976783899999999861e+01,1.711529999999999973e+03,3.643221500000000233e+05
