Compression_ratio,Efficiency,Massflow,Omega,P
1.928395999999999999e+00,8.794800000000000395e-01,1.941759599999999963e+01,1.679670000000000073e+03,3.592743499999999767e+05
