Compression_ratio,Efficiency,Massflow,Omega,P
2.072994000000000003e+00,8.589050000000000296e-01,1.992694900000000047e+01,1.755450000000000045e+03,3.760108499999999767e+05
