Omega,P
1.738349999999999909e+03,3.618877500000000000e+05
