Compression_ratio,Efficiency,Massflow,Omega,P
2.062742000000000075e+00,8.611539999999999750e-01,2.001438200000000123e+01,1.777410000000000082e+03,3.721981500000000233e+05
