Compression_ratio,Efficiency,Massflow,Omega,P
1.886892999999999931e+00,8.798529999999999962e-01,1.823337700000000083e+01,1.622789999999999964e+03,3.747399500000000116e+05
