Compression_ratio,Efficiency,Massflow,Omega,P
1.936561999999999895e+00,8.698860000000000481e-01,1.907162500000000094e+01,1.667789999999999964e+03,3.673651500000000233e+05
