Compression_ratio,Efficiency,Massflow,Omega,P
1.866306999999999938e+00,8.841149999999999842e-01,1.870379300000000100e+01,1.624589999999999918e+03,3.611896500000000233e+05
