Compression_ratio,Efficiency,Massflow,Omega,P
1.973373999999999961e+00,8.730700000000000127e-01,1.968554299999999913e+01,1.705769999999999982e+03,3.624068499999999767e+05
