Compression_ratio,Efficiency,Massflow,Omega,P
1.910069000000000017e+00,8.741849999999999898e-01,1.908340600000000009e+01,1.652130000000000109e+03,3.622994500000000116e+05
