Compression_ratio,Efficiency,Massflow,Omega,P
2.039680000000000160e+00,8.716909999999999936e-01,1.991601400000000055e+01,1.752569999999999936e+03,3.703365499999999884e+05
