Compression_ratio,Efficiency,Massflow,Omega,P
1.982699999999999907e+00,8.659750000000000503e-01,1.968492000000000175e+01,1.708470000000000027e+03,3.643400499999999884e+05
