Omega,P
1.706849999999999909e+03,3.693162500000000000e+05
