Compression_ratio,Efficiency,Massflow,Omega,P
2.023517000000000010e+00,8.655249999999999888e-01,2.009017700000000062e+01,1.770750000000000000e+03,3.636240499999999884e+05
