Compression_ratio,Efficiency,Massflow,Omega,P
1.934655000000000014e+00,8.786159999999999526e-01,1.895124799999999965e+01,1.668150000000000091e+03,3.694952500000000000e+05
