Compression_ratio,Efficiency,Massflow,Omega,P
2.009266000000000219e+00,8.639090000000000380e-01,2.022591200000000100e+01,1.744289999999999964e+03,3.590416500000000233e+05
