Omega,P
1.727549999999999955e+03,3.594712500000000000e+05
