Compression_ratio,Efficiency,Massflow,Omega,P
2.061929999999999819e+00,8.613439999999999985e-01,1.997110599999999891e+01,1.760849999999999909e+03,3.729141500000000233e+05
