Omega,P
1.788750000000000000e+03,3.617982500000000000e+05
