Compression_ratio,Efficiency,Massflow,Omega,P
1.911829000000000001e+00,8.835640000000000160e-01,1.924656299999999831e+01,1.667250000000000000e+03,3.592564500000000116e+05
