Compression_ratio,Efficiency,Massflow,Omega,P
1.865791999999999895e+00,8.728059999999999707e-01,1.803698999999999941e+01,1.620089999999999918e+03,3.744893499999999767e+05
