Compression_ratio,Efficiency,Massflow,Omega,P
1.943791999999999964e+00,8.664910000000000112e-01,1.940730500000000092e+01,1.697670000000000073e+03,3.623173499999999767e+05
