Compression_ratio,Efficiency,Massflow,Omega,P
2.084890999999999828e+00,8.706869999999999887e-01,2.015308200000000127e+01,1.764089999999999918e+03,3.738807500000000000e+05
