Compression_ratio,Efficiency,Massflow,Omega,P
1.971009999999999929e+00,8.805399999999999894e-01,1.976320000000000121e+01,1.699829999999999927e+03,3.607779500000000116e+05
