Compression_ratio,Efficiency,Massflow,Omega,P
1.923820000000000086e+00,8.799789999999999557e-01,1.935858599999999896e+01,1.654109999999999900e+03,3.595965499999999884e+05
