Compression_ratio,Efficiency,Massflow,Omega,P
1.907999000000000001e+00,8.866699999999999582e-01,1.888400899999999893e+01,1.645650000000000091e+03,3.655751500000000233e+05
