Omega,P
1.684349999999999909e+03,3.640357500000000000e+05
