Compression_ratio,Efficiency,Massflow,Omega,P
2.038583000000000034e+00,8.513380000000000392e-01,1.987608399999999875e+01,1.775069999999999936e+03,3.704976500000000233e+05
