Compression_ratio,Efficiency,Massflow,Omega,P
2.026279000000000163e+00,8.838129999999999598e-01,1.988463300000000089e+01,1.732410000000000082e+03,3.684749500000000116e+05
