Compression_ratio,Efficiency,Massflow,Omega,P
1.914131000000000027e+00,8.518829999999999458e-01,1.855528999999999940e+01,1.659509999999999991e+03,3.732900499999999884e+05
