Omega,P
1.746450000000000045e+03,3.664522500000000000e+05
