Compression_ratio,Efficiency,Massflow,Omega,P
2.058507000000000087e+00,8.630250000000000421e-01,1.985870999999999853e+01,1.762829999999999927e+03,3.743103499999999767e+05
