Compression_ratio,Efficiency,Massflow,Omega,P
2.085080000000000044e+00,8.574779999999999625e-01,2.037649599999999950e+01,1.788390000000000100e+03,3.694773499999999767e+05
