Omega,P
1.780650000000000091e+03,3.631407500000000000e+05
