Omega,P
1.776150000000000091e+03,3.739702500000000000e+05
