Compression_ratio,Efficiency,Massflow,Omega,P
1.869498000000000104e+00,8.584389999999999521e-01,1.831880999999999915e+01,1.620809999999999945e+03,3.693520499999999884e+05
