Compression_ratio,Efficiency,Massflow,Omega,P
1.990153999999999979e+00,8.759599999999999609e-01,2.003831900000000132e+01,1.725390000000000100e+03,3.589879500000000116e+05
