Compression_ratio,Efficiency,Massflow,Omega,P
2.042037000000000102e+00,8.662269999999999692e-01,2.014711300000000094e+01,1.751130000000000109e+03,3.663090499999999884e+05
