Compression_ratio,Efficiency,Massflow,Omega,P
1.937291000000000096e+00,8.743509999999999893e-01,1.921164200000000122e+01,1.672829999999999927e+03,3.649307500000000000e+05
