Compression_ratio,Efficiency,Massflow,Omega,P
2.040299999999999780e+00,8.621450000000000502e-01,2.030197899999999933e+01,1.786589999999999918e+03,3.625858499999999767e+05
