Compression_ratio,Efficiency,Massflow,Omega,P
1.941715999999999998e+00,8.800240000000000284e-01,1.931398700000000090e+01,1.678049999999999955e+03,3.636777500000000000e+05
