Omega,P
1.768950000000000045e+03,3.670787500000000000e+05
