Compression_ratio,Efficiency,Massflow,Omega,P
1.871083999999999969e+00,8.682490000000000485e-01,1.810219999999999985e+01,1.630890000000000100e+03,3.741492500000000000e+05
