Compression_ratio,Efficiency,Massflow,Omega,P
2.051375999999999866e+00,8.585169999999999746e-01,2.004594099999999912e+01,1.777769999999999982e+03,3.696205499999999884e+05
