Compression_ratio,Efficiency,Massflow,Omega,P
1.965753000000000084e+00,8.753509999999999902e-01,1.933914299999999997e+01,1.693710000000000036e+03,3.678305499999999884e+05
