Compression_ratio,Efficiency,Massflow,Omega,P
2.015973999999999933e+00,8.764170000000000016e-01,2.018357699999999966e+01,1.756349999999999909e+03,3.608137500000000000e+05
