Omega,P
1.683450000000000045e+03,3.743282500000000000e+05
