Compression_ratio,Efficiency,Massflow,Omega,P
1.998645999999999923e+00,8.733149999999999524e-01,1.947898400000000052e+01,1.702170000000000073e+03,3.711241500000000233e+05
