Compression_ratio,Efficiency,Massflow,Omega,P
2.001538000000000039e+00,8.742630000000000123e-01,1.967694699999999841e+01,1.717470000000000027e+03,3.679379500000000116e+05
