Compression_ratio,Efficiency,Massflow,Omega,P
2.028973000000000138e+00,8.712159999999999904e-01,1.970212899999999934e+01,1.734930000000000064e+03,3.720728499999999767e+05
