Compression_ratio,Efficiency,Massflow,Omega,P
2.029312000000000005e+00,8.731959999999999722e-01,1.983205799999999996e+01,1.726289999999999964e+03,3.701575499999999884e+05
