Compression_ratio,Efficiency,Massflow,Omega,P
1.941492999999999913e+00,8.597460000000000102e-01,1.880832600000000099e+01,1.682549999999999955e+03,3.734869500000000116e+05
