Compression_ratio,Efficiency,Massflow,Omega,P
2.047959999999999781e+00,8.740740000000000176e-01,1.973827299999999951e+01,1.741049999999999955e+03,3.749547500000000000e+05
