Compression_ratio,Efficiency,Massflow,Omega,P
1.939081000000000055e+00,8.778700000000000392e-01,1.870764700000000147e+01,1.667430000000000064e+03,3.751158499999999767e+05
