Omega,P
1.759950000000000045e+03,3.759392500000000000e+05
