Compression_ratio,Efficiency,Massflow,Omega,P
2.053834999999999855e+00,8.541530000000000511e-01,2.016413599999999917e+01,1.781730000000000018e+03,3.675083499999999767e+05
