Compression_ratio,Efficiency,Massflow,Omega,P
1.862648999999999999e+00,8.690299999999999692e-01,1.828215700000000155e+01,1.626569999999999936e+03,3.686181500000000233e+05
