Compression_ratio,Efficiency,Massflow,Omega,P
1.970571000000000073e+00,8.822149999999999714e-01,1.943215000000000003e+01,1.698029999999999973e+03,3.668102500000000000e+05
