Compression_ratio,Efficiency,Massflow,Omega,P
1.942747000000000002e+00,8.645369999999999999e-01,1.883291600000000088e+01,1.662750000000000000e+03,3.734153499999999767e+05
