Compression_ratio,Efficiency,Massflow,Omega,P
2.084947999999999801e+00,8.645230000000000414e-01,2.027049900000000093e+01,1.768769999999999982e+03,3.716969500000000116e+05
