Compression_ratio,Efficiency,Massflow,Omega,P
1.942906000000000022e+00,8.851710000000000411e-01,1.948179199999999867e+01,1.663470000000000027e+03,3.609032500000000000e+05
