Compression_ratio,Efficiency,Massflow,Omega,P
2.060489000000000015e+00,8.567630000000000523e-01,2.025582100000000096e+01,1.782630000000000109e+03,3.673830499999999884e+05
