Compression_ratio,Efficiency,Massflow,Omega,P
2.028020999999999852e+00,8.653549999999999853e-01,1.966547600000000173e+01,1.736549999999999955e+03,3.726098499999999767e+05
