Compression_ratio,Efficiency,Massflow,Omega,P
1.921942999999999957e+00,8.702360000000000095e-01,1.852920599999999851e+01,1.642410000000000082e+03,3.754738499999999767e+05
