Compression_ratio,Efficiency,Massflow,Omega,P
2.078094000000000108e+00,8.702360000000000095e-01,2.047501600000000010e+01,1.798109999999999900e+03,3.664164500000000116e+05
