Compression_ratio,Efficiency,Massflow,Omega,P
2.091127999999999876e+00,8.674250000000000016e-01,2.017592000000000141e+01,1.789470000000000027e+03,3.745430499999999884e+05
