Compression_ratio,Efficiency,Massflow,Omega,P
1.975387999999999922e+00,8.682750000000000190e-01,1.959059200000000089e+01,1.691369999999999891e+03,3.646443499999999767e+05
