Compression_ratio,Efficiency,Massflow,Omega,P
1.934474999999999945e+00,8.654180000000000206e-01,1.865084999999999837e+01,1.655190000000000055e+03,3.755275499999999884e+05
