Compression_ratio,Efficiency,Massflow,Omega,P
2.013660999999999923e+00,8.701140000000000541e-01,2.001738200000000134e+01,1.751849999999999909e+03,3.634629500000000116e+05
