Compression_ratio,Efficiency,Massflow,Omega,P
1.976544000000000079e+00,8.841499999999999915e-01,1.966594900000000123e+01,1.697490000000000009e+03,3.635166500000000233e+05
