Compression_ratio,Efficiency,Massflow,Omega,P
1.932009000000000087e+00,8.777949999999999919e-01,1.885195200000000071e+01,1.657710000000000036e+03,3.710704500000000116e+05
