Compression_ratio,Efficiency,Massflow,Omega,P
2.048979000000000106e+00,8.627749999999999586e-01,2.031998099999999852e+01,1.763190000000000055e+03,3.643042500000000000e+05
