Compression_ratio,Efficiency,Massflow,Omega,P
1.885126999999999997e+00,8.813919999999999533e-01,1.865424199999999999e+01,1.632150000000000091e+03,3.656109500000000116e+05
