Compression_ratio,Efficiency,Massflow,Omega,P
1.983956999999999971e+00,8.744889999999999608e-01,1.976253699999999824e+01,1.722150000000000091e+03,3.629796500000000233e+05
