Compression_ratio,Efficiency,Massflow,Omega,P
1.955845000000000056e+00,8.719820000000000348e-01,1.929928400000000011e+01,1.694789999999999964e+03,3.665059500000000116e+05
