Compression_ratio,Efficiency,Massflow,Omega,P
2.017351999999999812e+00,8.748340000000000005e-01,1.989597799999999950e+01,1.736369999999999891e+03,3.665238499999999767e+05
