Omega,P
1.623150000000000091e+03,3.615297500000000000e+05
