Compression_ratio,Efficiency,Massflow,Omega,P
1.889801000000000064e+00,8.758759999999999879e-01,1.849379899999999921e+01,1.636650000000000091e+03,3.699964500000000116e+05
