Compression_ratio,Efficiency,Massflow,Omega,P
1.940809999999999924e+00,8.709019999999999539e-01,1.894593499999999864e+01,1.674450000000000045e+03,3.707661500000000233e+05
