Compression_ratio,Efficiency,Massflow,Omega,P
2.001973000000000003e+00,8.792079999999999895e-01,1.980728999999999829e+01,1.730250000000000000e+03,3.654677500000000000e+05
