Compression_ratio,Efficiency,Massflow,Omega,P
2.037164999999999893e+00,8.771630000000000260e-01,2.004318999999999917e+01,1.739430000000000064e+03,3.674009500000000116e+05
