Compression_ratio,Efficiency,Massflow,Omega,P
1.949414999999999898e+00,8.813600000000000323e-01,1.961287400000000147e+01,1.695150000000000091e+03,3.593817500000000000e+05
