Omega,P
1.765349999999999909e+03,3.591132500000000000e+05
