Compression_ratio,Efficiency,Massflow,Omega,P
2.035117000000000065e+00,8.687479999999999647e-01,2.006904099999999858e+01,1.759950000000000045e+03,3.664343499999999767e+05
