Compression_ratio,Efficiency,Massflow,Omega,P
1.929025999999999907e+00,8.789019999999999611e-01,1.907112300000000005e+01,1.677869999999999891e+03,3.659689500000000116e+05
