Compression_ratio,Efficiency,Massflow,Omega,P
2.089452000000000087e+00,8.570630000000000193e-01,2.007926300000000097e+01,1.766609999999999900e+03,3.760645499999999884e+05
