Compression_ratio,Efficiency,Massflow,Omega,P
1.940779000000000032e+00,8.757479999999999709e-01,1.911985699999999966e+01,1.672650000000000091e+03,3.672040499999999884e+05
