Compression_ratio,Efficiency,Massflow,Omega,P
1.962067999999999923e+00,8.827679999999999971e-01,1.966070799999999963e+01,1.706490000000000009e+03,3.607958499999999767e+05
