Compression_ratio,Efficiency,Massflow,Omega,P
1.915310999999999986e+00,8.726899999999999658e-01,1.904029799999999994e+01,1.662390000000000100e+03,3.639820499999999884e+05
