Compression_ratio,Efficiency,Massflow,Omega,P
2.041755000000000209e+00,8.701959999999999695e-01,1.973950999999999922e+01,1.747710000000000036e+03,3.738270499999999884e+05
