Compression_ratio,Efficiency,Massflow,Omega,P
2.077353000000000005e+00,8.626869999999999816e-01,1.999179600000000079e+01,1.764990000000000009e+03,3.755991500000000233e+05
