Compression_ratio,Efficiency,Massflow,Omega,P
1.979152000000000022e+00,8.741240000000000121e-01,1.962329899999999938e+01,1.706309999999999945e+03,3.648412500000000000e+05
