Compression_ratio,Efficiency,Massflow,Omega,P
2.043025999999999787e+00,8.635099999999999998e-01,2.021933699999999945e+01,1.770569999999999936e+03,3.648770499999999884e+05
