Compression_ratio,Efficiency,Massflow,Omega,P
1.970690999999999971e+00,8.830930000000000168e-01,1.956392400000000009e+01,1.700549999999999955e+03,3.642684500000000116e+05
