Compression_ratio,Efficiency,Massflow,Omega,P
2.019867000000000079e+00,8.665490000000000137e-01,1.995747899999999930e+01,1.752750000000000000e+03,3.653603499999999767e+05
