Compression_ratio,Efficiency,Massflow,Omega,P
1.950355999999999979e+00,8.807890000000000441e-01,1.945359099999999941e+01,1.686509999999999991e+03,3.626216500000000233e+05
