Compression_ratio,Efficiency,Massflow,Omega,P
1.986995000000000067e+00,8.669360000000000399e-01,1.931869700000000023e+01,1.707029999999999973e+03,3.720549500000000116e+05
