Compression_ratio,Efficiency,Massflow,Omega,P
2.040224999999999955e+00,8.728799999999999892e-01,1.984116900000000072e+01,1.758150000000000091e+03,3.714463499999999767e+05
