Compression_ratio,Efficiency,Massflow,Omega,P
2.031010000000000204e+00,8.783950000000000369e-01,2.032554299999999969e+01,1.748069999999999936e+03,3.609569500000000116e+05
