Omega,P
1.712250000000000000e+03,3.589342500000000000e+05
