Omega,P
1.651049999999999955e+03,3.601872500000000000e+05
