Compression_ratio,Efficiency,Massflow,Omega,P
2.012115000000000098e+00,8.768550000000000511e-01,1.933416400000000124e+01,1.712789999999999964e+03,3.762256500000000233e+05
