Compression_ratio,Efficiency,Massflow,Omega,P
2.035649999999999959e+00,8.473939999999999806e-01,2.022486500000000120e+01,1.776509999999999991e+03,3.632839500000000116e+05
