Compression_ratio,Efficiency,Massflow,Omega,P
1.919019999999999948e+00,8.652840000000000531e-01,1.853811800000000076e+01,1.649250000000000000e+03,3.747220499999999884e+05
