Compression_ratio,Efficiency,Massflow,Omega,P
2.105297999999999892e+00,8.591389999999999860e-01,2.047132999999999825e+01,1.794509999999999991e+03,3.714105499999999884e+05
