Compression_ratio,Efficiency,Massflow,Omega,P
1.910242999999999913e+00,8.656979999999999675e-01,1.851108899999999835e+01,1.660049999999999955e+03,3.733616500000000233e+05
