Compression_ratio,Efficiency,Massflow,Omega,P
2.080888999999999989e+00,8.615749999999999797e-01,2.042445400000000078e+01,1.789289999999999964e+03,3.677768499999999767e+05
