Compression_ratio,Efficiency,Massflow,Omega,P
2.021214000000000066e+00,8.632499999999999618e-01,1.959891400000000061e+01,1.719269999999999982e+03,3.729678499999999767e+05
