Compression_ratio,Efficiency,Massflow,Omega,P
2.029320999999999930e+00,8.809850000000000181e-01,1.990230999999999995e+01,1.739609999999999900e+03,3.686002500000000000e+05
