Compression_ratio,Efficiency,Massflow,Omega,P
1.990013000000000032e+00,8.573079999999999590e-01,1.911486700000000027e+01,1.689569999999999936e+03,3.766552500000000000e+05
