Compression_ratio,Efficiency,Massflow,Omega,P
1.978869999999999907e+00,8.726120000000000543e-01,1.984121999999999986e+01,1.725750000000000000e+03,3.605273499999999767e+05
