Compression_ratio,Efficiency,Massflow,Omega,P
1.966113999999999917e+00,8.784779999999999811e-01,1.932229200000000091e+01,1.695869999999999891e+03,3.680811500000000233e+05
