Compression_ratio,Efficiency,Massflow,Omega,P
2.040669999999999984e+00,8.724060000000000148e-01,1.990082699999999960e+01,1.745190000000000055e+03,3.708019500000000116e+05
