Compression_ratio,Efficiency,Massflow,Omega,P
2.005364000000000146e+00,8.655220000000000136e-01,1.930207100000000153e+01,1.716569999999999936e+03,3.759571500000000233e+05
