Compression_ratio,Efficiency,Massflow,Omega,P
1.860581000000000040e+00,8.646399999999999642e-01,1.847372800000000126e+01,1.626930000000000064e+03,3.645906500000000233e+05
