Compression_ratio,Efficiency,Massflow,Omega,P
2.008462999999999887e+00,8.731839999999999602e-01,1.982119799999999898e+01,1.732950000000000045e+03,3.661479500000000116e+05
