Compression_ratio,Efficiency,Massflow,Omega,P
2.003623999999999850e+00,8.782069999999999599e-01,1.994182400000000044e+01,1.726470000000000027e+03,3.631944500000000116e+05
