Compression_ratio,Efficiency,Massflow,Omega,P
2.019765000000000033e+00,8.764389999999999681e-01,1.978200199999999853e+01,1.727730000000000018e+03,3.692446500000000233e+05
