Omega,P
1.717650000000000091e+03,3.754022500000000000e+05
