Compression_ratio,Efficiency,Massflow,Omega,P
1.857699999999999907e+00,8.703720000000000345e-01,1.856284199999999984e+01,1.634309999999999945e+03,3.622099500000000116e+05
