Compression_ratio,Efficiency,Massflow,Omega,P
1.930350000000000010e+00,8.819289999999999630e-01,1.939185399999999859e+01,1.670490000000000009e+03,3.602051500000000233e+05
