Compression_ratio,Efficiency,Massflow,Omega,P
1.900981000000000032e+00,8.613300000000000400e-01,1.840824800000000039e+01,1.657349999999999909e+03,3.736122500000000000e+05
