Compression_ratio,Efficiency,Massflow,Omega,P
1.932811999999999975e+00,8.729329999999999590e-01,1.886428599999999989e+01,1.663650000000000091e+03,3.706587500000000000e+05
