Omega,P
1.779750000000000000e+03,3.626932500000000000e+05
