Compression_ratio,Efficiency,Massflow,Omega,P
2.068570999999999938e+00,8.542399999999999993e-01,2.045395500000000055e+01,1.796130000000000109e+03,3.652529500000000116e+05
