Compression_ratio,Efficiency,Massflow,Omega,P
2.003039999999999932e+00,8.783490000000000464e-01,1.957938299999999998e+01,1.700190000000000055e+03,3.701038499999999767e+05
