Compression_ratio,Efficiency,Massflow,Omega,P
1.828481999999999941e+00,8.708080000000000265e-01,1.838966100000000026e+01,1.622609999999999900e+03,3.598650499999999884e+05
