Compression_ratio,Efficiency,Massflow,Omega,P
1.931443999999999939e+00,8.823689999999999589e-01,1.933499799999999880e+01,1.673009999999999991e+03,3.613507500000000000e+05
