Compression_ratio,Efficiency,Massflow,Omega,P
1.901089000000000029e+00,8.692429999999999879e-01,1.890828199999999981e+01,1.646190000000000055e+03,3.639283499999999767e+05
