Compression_ratio,Efficiency,Massflow,Omega,P
2.059740000000000126e+00,8.603819999999999801e-01,2.034047500000000142e+01,1.785869999999999891e+03,3.657541500000000233e+05
