Compression_ratio,Efficiency,Massflow,Omega,P
2.019464000000000148e+00,8.532440000000000024e-01,2.025802099999999939e+01,1.772190000000000055e+03,3.599724500000000116e+05
