Compression_ratio,Efficiency,Massflow,Omega,P
1.971532999999999980e+00,8.784990000000000299e-01,1.957795799999999886e+01,1.695509999999999991e+03,3.640357500000000000e+05
