Compression_ratio,Efficiency,Massflow,Omega,P
1.999595999999999929e+00,8.645580000000000487e-01,1.935790400000000133e+01,1.716029999999999973e+03,3.737375499999999884e+05
