Compression_ratio,Efficiency,Massflow,Omega,P
2.092080000000000162e+00,8.616009999999999502e-01,2.024236900000000006e+01,1.787309999999999945e+03,3.732005499999999884e+05
