Compression_ratio,Efficiency,Massflow,Omega,P
1.971449999999999925e+00,8.863480000000000247e-01,1.963877499999999898e+01,1.705410000000000082e+03,3.632123499999999767e+05
