Compression_ratio,Efficiency,Massflow,Omega,P
2.045170000000000154e+00,8.521039999999999726e-01,2.021396000000000015e+01,1.783710000000000036e+03,3.651992500000000000e+05
