Omega,P
1.654650000000000091e+03,3.686002500000000000e+05
