Compression_ratio,Efficiency,Massflow,Omega,P
2.023420000000000218e+00,8.657949999999999813e-01,2.009558900000000037e+01,1.754910000000000082e+03,3.638209500000000116e+05
