Compression_ratio,Efficiency,Massflow,Omega,P
1.970782000000000034e+00,8.686819999999999542e-01,1.953131899999999987e+01,1.707390000000000100e+03,3.647875499999999884e+05
