Compression_ratio,Efficiency,Massflow,Omega,P
1.932811999999999975e+00,8.575880000000000170e-01,1.868676500000000118e+01,1.670849999999999909e+03,3.743640499999999884e+05
