Compression_ratio,Efficiency,Massflow,Omega,P
1.920948000000000100e+00,8.663250000000000117e-01,1.877442200000000128e+01,1.653390000000000100e+03,3.703186500000000233e+05
