Compression_ratio,Efficiency,Massflow,Omega,P
1.960598000000000063e+00,8.711299999999999599e-01,1.918160599999999860e+01,1.682190000000000055e+03,3.698532500000000000e+05
