Compression_ratio,Efficiency,Massflow,Omega,P
1.877820000000000045e+00,8.718829999999999636e-01,1.832335199999999986e+01,1.629809999999999945e+03,3.708914500000000116e+05
