Omega,P
1.756349999999999909e+03,3.717327500000000000e+05
