Compression_ratio,Efficiency,Massflow,Omega,P
1.895432999999999923e+00,8.739329999999999599e-01,1.879293600000000097e+01,1.647809999999999945e+03,3.650918499999999767e+05
