Omega,P
1.745549999999999955e+03,3.647517500000000000e+05
