Compression_ratio,Efficiency,Massflow,Omega,P
2.072497999999999951e+00,8.618660000000000210e-01,2.017382599999999826e+01,1.760130000000000109e+03,3.709988499999999767e+05
