Compression_ratio,Efficiency,Massflow,Omega,P
2.014473000000000180e+00,8.731109999999999705e-01,2.016360699999999895e+01,1.754730000000000018e+03,3.610464500000000116e+05
