Compression_ratio,Efficiency,Massflow,Omega,P
1.952577999999999925e+00,8.913809999999999789e-01,1.963225500000000068e+01,1.685069999999999936e+03,3.599008499999999767e+05
