Compression_ratio,Efficiency,Massflow,Omega,P
2.065923999999999872e+00,8.677470000000000461e-01,1.995036400000000043e+01,1.764450000000000045e+03,3.740776500000000233e+05
