Omega,P
1.653750000000000000e+03,3.643937500000000000e+05
