Compression_ratio,Efficiency,Massflow,Omega,P
2.001965000000000217e+00,8.844039999999999679e-01,1.994024699999999939e+01,1.733309999999999945e+03,3.631049500000000116e+05
