Compression_ratio,Efficiency,Massflow,Omega,P
1.970423999999999953e+00,8.686779999999999502e-01,1.915778500000000051e+01,1.686329999999999927e+03,3.720907500000000000e+05
