Compression_ratio,Efficiency,Massflow,Omega,P
2.075794000000000139e+00,8.666500000000000314e-01,2.000258099999999928e+01,1.760309999999999945e+03,3.752053499999999767e+05
