Compression_ratio,Efficiency,Massflow,Omega,P
1.866457999999999950e+00,8.734159999999999702e-01,1.854257099999999880e+01,1.621529999999999973e+03,3.642505499999999884e+05
