Compression_ratio,Efficiency,Massflow,Omega,P
2.037403999999999993e+00,8.633950000000000236e-01,2.015677399999999864e+01,1.767509999999999991e+03,3.651097500000000000e+05
