Compression_ratio,Efficiency,Massflow,Omega,P
2.031346999999999792e+00,8.619909999999999517e-01,1.984027599999999936e+01,1.736730000000000018e+03,3.699248499999999767e+05
