Compression_ratio,Efficiency,Massflow,Omega,P
2.068321000000000076e+00,8.586129999999999596e-01,2.020034000000000063e+01,1.789109999999999900e+03,3.695668499999999767e+05
