Compression_ratio,Efficiency,Massflow,Omega,P
2.029275999999999858e+00,8.659900000000000375e-01,2.020494800000000168e+01,1.768589999999999918e+03,3.626574500000000116e+05
