Compression_ratio,Efficiency,Massflow,Omega,P
1.898816000000000059e+00,8.727810000000000290e-01,1.845998900000000020e+01,1.635930000000000064e+03,3.723950499999999884e+05
