Compression_ratio,Efficiency,Massflow,Omega,P
2.057824999999999793e+00,8.599790000000000489e-01,1.992509899999999945e+01,1.754009999999999991e+03,3.731289500000000116e+05
