Compression_ratio,Efficiency,Massflow,Omega,P
2.019719999999999960e+00,8.765230000000000521e-01,1.944763700000000028e+01,1.709730000000000018e+03,3.756170499999999884e+05
