Compression_ratio,Efficiency,Massflow,Omega,P
1.973521999999999998e+00,8.803800000000000514e-01,1.912017499999999970e+01,1.674809999999999945e+03,3.736838499999999767e+05
