Compression_ratio,Efficiency,Massflow,Omega,P
2.040461000000000080e+00,8.566749999999999643e-01,2.045404699999999920e+01,1.780829999999999927e+03,3.601514500000000116e+05
