Omega,P
1.697849999999999909e+03,3.720012500000000000e+05
