Compression_ratio,Efficiency,Massflow,Omega,P
2.039533000000000040e+00,8.589560000000000528e-01,1.988941399999999859e+01,1.757789999999999964e+03,3.706766500000000233e+05
