Compression_ratio,Efficiency,Massflow,Omega,P
1.954612000000000016e+00,8.758799999999999919e-01,1.942278800000000061e+01,1.690829999999999927e+03,3.640178499999999767e+05
