Compression_ratio,Efficiency,Massflow,Omega,P
2.032440999999999942e+00,8.584460000000000424e-01,1.985127200000000158e+01,1.750049999999999955e+03,3.699785499999999884e+05
