Compression_ratio,Efficiency,Massflow,Omega,P
1.918099999999999916e+00,8.758299999999999974e-01,1.932160999999999973e+01,1.663109999999999900e+03,3.592027500000000000e+05
