Compression_ratio,Efficiency,Massflow,Omega,P
2.029701000000000199e+00,8.589400000000000368e-01,2.019801599999999908e+01,1.766970000000000027e+03,3.630512500000000000e+05
