Compression_ratio,Efficiency,Massflow,Omega,P
1.949699000000000071e+00,8.596979999999999622e-01,1.902637100000000103e+01,1.688670000000000073e+03,3.707303499999999767e+05
