Compression_ratio,Efficiency,Massflow,Omega,P
2.058901000000000092e+00,8.641259999999999497e-01,2.023602599999999896e+01,1.761390000000000100e+03,3.674904500000000116e+05
