Compression_ratio,Efficiency,Massflow,Omega,P
1.954827000000000092e+00,8.696610000000000174e-01,1.899650000000000105e+01,1.687769999999999982e+03,3.723771500000000233e+05
