Compression_ratio,Efficiency,Massflow,Omega,P
1.879485999999999990e+00,8.768899999999999473e-01,1.855514700000000161e+01,1.630170000000000073e+03,3.666491500000000233e+05
