Compression_ratio,Efficiency,Massflow,Omega,P
1.856859999999999955e+00,8.631429999999999936e-01,1.800777700000000081e+01,1.621890000000000100e+03,3.732542500000000000e+05
