Compression_ratio,Efficiency,Massflow,Omega,P
1.947575999999999974e+00,8.785239999999999716e-01,1.939864800000000145e+01,1.671029999999999973e+03,3.633018499999999767e+05
