Omega,P
1.795950000000000045e+03,3.674367500000000000e+05
