Omega,P
1.651950000000000045e+03,3.665417500000000000e+05
