Compression_ratio,Efficiency,Massflow,Omega,P
1.993325999999999931e+00,8.717160000000000464e-01,1.997997799999999913e+01,1.731509999999999991e+03,3.605094500000000116e+05
