Compression_ratio,Efficiency,Massflow,Omega,P
2.052840000000000220e+00,8.656430000000000513e-01,2.062522999999999840e+01,1.797029999999999973e+03,3.591848499999999767e+05
