Omega,P
1.635750000000000000e+03,3.762077500000000000e+05
