Omega,P
1.696950000000000045e+03,3.742387500000000000e+05
