Compression_ratio,Efficiency,Massflow,Omega,P
2.046342999999999801e+00,8.764539999999999553e-01,2.027351399999999870e+01,1.776329999999999927e+03,3.646980499999999884e+05
