Compression_ratio,Efficiency,Massflow,Omega,P
1.999187999999999965e+00,8.809879999999999933e-01,2.004925400000000124e+01,1.718549999999999955e+03,3.605631500000000233e+05
