Compression_ratio,Efficiency,Massflow,Omega,P
2.052913000000000210e+00,8.520830000000000348e-01,1.975857299999999839e+01,1.772009999999999991e+03,3.750979500000000116e+05
