Compression_ratio,Efficiency,Massflow,Omega,P
2.074889000000000205e+00,8.579440000000000399e-01,2.024715799999999888e+01,1.784609999999999900e+03,3.703902500000000000e+05
