Compression_ratio,Efficiency,Massflow,Omega,P
2.040401000000000131e+00,8.753330000000000277e-01,1.973947799999999830e+01,1.729529999999999973e+03,3.738449500000000116e+05
