Compression_ratio,Efficiency,Massflow,Omega,P
1.875328000000000106e+00,8.652020000000000266e-01,1.817474100000000092e+01,1.621710000000000036e+03,3.736301500000000233e+05
