Compression_ratio,Efficiency,Massflow,Omega,P
1.907750999999999975e+00,8.891059999999999519e-01,1.924418800000000118e+01,1.659329999999999927e+03,3.589163499999999767e+05
