Compression_ratio,Efficiency,Massflow,Omega,P
1.966963999999999935e+00,8.728369999999999740e-01,1.973367000000000004e+01,1.699289999999999964e+03,3.603841500000000233e+05
