Compression_ratio,Efficiency,Massflow,Omega,P
1.882098999999999966e+00,8.696770000000000334e-01,1.851511800000000108e+01,1.629990000000000009e+03,3.680632500000000000e+05
