Omega,P
1.624049999999999955e+03,3.749547500000000000e+05
