Compression_ratio,Efficiency,Massflow,Omega,P
1.914012999999999964e+00,8.730050000000000310e-01,1.894606500000000082e+01,1.652309999999999945e+03,3.653782500000000000e+05
