Compression_ratio,Efficiency,Massflow,Omega,P
2.074556999999999984e+00,8.505549999999999500e-01,2.029507900000000120e+01,1.787490000000000009e+03,3.692983499999999767e+05
