Compression_ratio,Efficiency,Massflow,Omega,P
1.902913999999999994e+00,8.670919999999999739e-01,1.831046600000000169e+01,1.634849999999999909e+03,3.762793499999999767e+05
