Omega,P
1.789650000000000091e+03,3.650202500000000000e+05
