Omega,P
1.686150000000000091e+03,3.660942500000000000e+05
