Compression_ratio,Efficiency,Massflow,Omega,P
2.043311999999999795e+00,8.670170000000000377e-01,1.994696599999999975e+01,1.741950000000000045e+03,3.702649500000000116e+05
