Compression_ratio,Efficiency,Massflow,Omega,P
1.930677999999999894e+00,8.834699999999999775e-01,1.892119200000000134e+01,1.654829999999999927e+03,3.694057500000000000e+05
