Compression_ratio,Efficiency,Massflow,Omega,P
2.008448000000000011e+00,8.767080000000000428e-01,2.006680899999999923e+01,1.738170000000000073e+03,3.616908499999999767e+05
