Compression_ratio,Efficiency,Massflow,Omega,P
2.043323000000000000e+00,8.722259999999999458e-01,1.997875799999999913e+01,1.758509999999999991e+03,3.696921500000000233e+05
