Compression_ratio,Efficiency,Massflow,Omega,P
1.927705999999999920e+00,8.681250000000000355e-01,1.866215499999999849e+01,1.662569999999999936e+03,3.734690499999999884e+05
