Compression_ratio,Efficiency,Massflow,Omega,P
1.885132999999999948e+00,8.735129999999999839e-01,1.855146900000000088e+01,1.622970000000000027e+03,3.675978499999999767e+05
