Compression_ratio,Efficiency,Massflow,Omega,P
1.970706999999999987e+00,8.894739999999999869e-01,1.969194600000000150e+01,1.703789999999999964e+03,3.620667500000000000e+05
