Compression_ratio,Efficiency,Massflow,Omega,P
1.986174000000000106e+00,8.774429999999999730e-01,1.980689200000000127e+01,1.707210000000000036e+03,3.625321500000000233e+05
