Compression_ratio,Efficiency,Massflow,Omega,P
2.012032000000000043e+00,8.751320000000000210e-01,1.978810400000000058e+01,1.724130000000000109e+03,3.677947500000000000e+05
