Compression_ratio,Efficiency,Massflow,Omega,P
2.049230999999999803e+00,8.660489999999999577e-01,1.969963999999999871e+01,1.729890000000000100e+03,3.762614500000000116e+05
