Compression_ratio,Efficiency,Massflow,Omega,P
2.023630999999999958e+00,8.743410000000000348e-01,1.968634300000000081e+01,1.721609999999999900e+03,3.718580499999999884e+05
