Compression_ratio,Efficiency,Massflow,Omega,P
1.948166999999999982e+00,8.743800000000000461e-01,1.890191599999999994e+01,1.661130000000000109e+03,3.729857500000000000e+05
