Compression_ratio,Efficiency,Massflow,Omega,P
1.915019999999999945e+00,8.791820000000000190e-01,1.841954600000000042e+01,1.628369999999999891e+03,3.764762500000000000e+05
