Compression_ratio,Efficiency,Massflow,Omega,P
1.909370000000000012e+00,8.739559999999999551e-01,1.921428799999999981e+01,1.654470000000000027e+03,3.595786500000000233e+05
