Compression_ratio,Efficiency,Massflow,Omega,P
2.011680999999999830e+00,8.818099999999999827e-01,1.992965799999999987e+01,1.724490000000000009e+03,3.650023499999999767e+05
