Compression_ratio,Efficiency,Massflow,Omega,P
1.878292000000000073e+00,8.648190000000000044e-01,1.846867200000000153e+01,1.626390000000000100e+03,3.682422500000000000e+05
