Omega,P
1.647450000000000045e+03,3.621562500000000000e+05
