Compression_ratio,Efficiency,Massflow,Omega,P
1.922527000000000097e+00,8.801919999999999744e-01,1.902807400000000015e+01,1.650869999999999891e+03,3.657004500000000116e+05
