Compression_ratio,Efficiency,Massflow,Omega,P
2.097002999999999950e+00,8.586939999999999573e-01,2.023239799999999988e+01,1.799910000000000082e+03,3.741671500000000233e+05
