Compression_ratio,Efficiency,Massflow,Omega,P
1.975111999999999979e+00,8.772199999999999998e-01,1.908745300000000000e+01,1.689750000000000000e+03,3.743819500000000116e+05
