Compression_ratio,Efficiency,Massflow,Omega,P
2.070447000000000148e+00,8.650170000000000359e-01,2.007829100000000011e+01,1.767329999999999927e+03,3.726456500000000233e+05
