Compression_ratio,Efficiency,Massflow,Omega,P
1.945421999999999985e+00,8.730240000000000222e-01,1.915578100000000106e+01,1.664190000000000055e+03,3.674546500000000233e+05
