Compression_ratio,Efficiency,Massflow,Omega,P
1.910015000000000018e+00,8.835429999999999673e-01,1.923047700000000049e+01,1.663829999999999927e+03,3.594533499999999767e+05
