Compression_ratio,Efficiency,Massflow,Omega,P
1.977980000000000071e+00,8.761499999999999844e-01,1.940917999999999921e+01,1.710809999999999945e+03,3.685107500000000000e+05
