Compression_ratio,Efficiency,Massflow,Omega,P
1.984587000000000101e+00,8.881210000000000493e-01,1.986042300000000083e+01,1.710450000000000045e+03,3.614581500000000233e+05
