Compression_ratio,Efficiency,Massflow,Omega,P
2.074882999999999811e+00,8.734250000000000069e-01,2.030171700000000001e+01,1.775970000000000027e+03,3.691909500000000116e+05
