Omega,P
1.794150000000000091e+03,3.734332500000000000e+05
