Compression_ratio,Efficiency,Massflow,Omega,P
1.887558000000000069e+00,8.668970000000000287e-01,1.825514300000000034e+01,1.621349999999999909e+03,3.741850499999999884e+05
