Compression_ratio,Efficiency,Massflow,Omega,P
2.064013000000000098e+00,8.578059999999999574e-01,2.025118700000000160e+01,1.790190000000000055e+03,3.674188499999999767e+05
