Compression_ratio,Efficiency,Massflow,Omega,P
2.029682999999999904e+00,8.555549999999999544e-01,2.029648800000000008e+01,1.799190000000000055e+03,3.606347500000000000e+05
