Compression_ratio,Efficiency,Massflow,Omega,P
1.873979000000000061e+00,8.643260000000000387e-01,1.816782699999999906e+01,1.628910000000000082e+03,3.732184500000000116e+05
