Compression_ratio,Efficiency,Massflow,Omega,P
2.013062000000000129e+00,8.643699999999999717e-01,1.981065500000000057e+01,1.729170000000000073e+03,3.674367500000000000e+05
