Compression_ratio,Efficiency,Massflow,Omega,P
2.060372000000000092e+00,8.548470000000000235e-01,2.001203500000000091e+01,1.762109999999999900e+03,3.721265499999999884e+05
