Compression_ratio,Efficiency,Massflow,Omega,P
2.024678000000000200e+00,8.749120000000000230e-01,1.995498100000000008e+01,1.731690000000000055e+03,3.668639500000000116e+05
