Compression_ratio,Efficiency,Massflow,Omega,P
2.055162000000000155e+00,8.556869999999999754e-01,2.016083700000000078e+01,1.775430000000000064e+03,3.681348499999999767e+05
