Omega,P
1.758150000000000091e+03,3.690477500000000000e+05
