Omega,P
1.629450000000000045e+03,3.754917500000000000e+05
