Omega,P
1.757250000000000000e+03,3.632302500000000000e+05
