Compression_ratio,Efficiency,Massflow,Omega,P
1.897510999999999948e+00,8.801849999999999952e-01,1.865330300000000108e+01,1.634130000000000109e+03,3.681706500000000233e+05
