Omega,P
1.755450000000000045e+03,3.725382500000000000e+05
