Compression_ratio,Efficiency,Massflow,Omega,P
2.052761999999999976e+00,8.612330000000000263e-01,2.013567700000000116e+01,1.773809999999999945e+03,3.678842500000000000e+05
