Compression_ratio,Efficiency,Massflow,Omega,P
1.988688000000000011e+00,8.763760000000000439e-01,1.979469299999999876e+01,1.707569999999999936e+03,3.631407500000000000e+05
