Compression_ratio,Efficiency,Massflow,Omega,P
2.073911999999999978e+00,8.631520000000000303e-01,2.041975199999999901e+01,1.791089999999999918e+03,3.667386500000000233e+05
