Compression_ratio,Efficiency,Massflow,Omega,P
2.077760000000000051e+00,8.565460000000000296e-01,2.036257000000000161e+01,1.794329999999999927e+03,3.683317500000000000e+05
