Compression_ratio,Efficiency,Massflow,Omega,P
1.926727999999999996e+00,8.718660000000000299e-01,1.894595899999999844e+01,1.666529999999999973e+03,3.680095499999999884e+05
