Compression_ratio,Efficiency,Massflow,Omega,P
2.040639000000000092e+00,8.693070000000000519e-01,1.991979100000000003e+01,1.743029999999999973e+03,3.703723499999999767e+05
