Compression_ratio,Efficiency,Massflow,Omega,P
2.020163000000000153e+00,8.586439999999999628e-01,1.948679999999999879e+01,1.735289999999999964e+03,3.747578499999999767e+05
