Compression_ratio,Efficiency,Massflow,Omega,P
2.048802999999999930e+00,8.595390000000000530e-01,2.037925800000000010e+01,1.795410000000000082e+03,3.626037500000000000e+05
