Compression_ratio,Efficiency,Massflow,Omega,P
1.905534999999999979e+00,8.683509999999999840e-01,1.844485900000000100e+01,1.631250000000000000e+03,3.739881500000000233e+05
