Compression_ratio,Efficiency,Massflow,Omega,P
1.890522000000000036e+00,8.764300000000000423e-01,1.825628800000000140e+01,1.623869999999999891e+03,3.749189500000000116e+05
