Compression_ratio,Efficiency,Massflow,Omega,P
1.922989000000000059e+00,8.771640000000000548e-01,1.899517099999999914e+01,1.661309999999999945e+03,3.663806500000000233e+05
