Omega,P
1.626750000000000000e+03,3.633197500000000000e+05
