Compression_ratio,Efficiency,Massflow,Omega,P
2.058132000000000073e+00,8.554359999999999742e-01,2.019759399999999872e+01,1.778490000000000009e+03,3.680990499999999884e+05
