Compression_ratio,Efficiency,Massflow,Omega,P
2.008201000000000125e+00,8.699540000000000051e-01,1.988772499999999965e+01,1.750769999999999982e+03,3.646801500000000233e+05
