Compression_ratio,Efficiency,Massflow,Omega,P
1.986990999999999952e+00,8.762640000000000429e-01,1.940038799999999952e+01,1.687950000000000045e+03,3.703544500000000116e+05
