Compression_ratio,Efficiency,Massflow,Omega,P
1.975082999999999922e+00,8.737190000000000234e-01,1.956927900000000164e+01,1.700009999999999991e+03,3.649486500000000233e+05
