Compression_ratio,Efficiency,Massflow,Omega,P
1.938237999999999905e+00,8.694190000000000529e-01,1.896619000000000099e+01,1.662210000000000036e+03,3.698353499999999767e+05
