Compression_ratio,Efficiency,Massflow,Omega,P
1.985521000000000091e+00,8.809569999999999901e-01,1.994758399999999909e+01,1.726829999999999927e+03,3.599366500000000233e+05
