Compression_ratio,Efficiency,Massflow,Omega,P
2.017622999999999944e+00,8.720839999999999703e-01,1.944233300000000142e+01,1.718910000000000082e+03,3.752411500000000233e+05
