Compression_ratio,Efficiency,Massflow,Omega,P
1.997500999999999971e+00,8.832849999999999868e-01,1.977649999999999864e+01,1.718190000000000055e+03,3.654498499999999767e+05
