Omega,P
1.703250000000000000e+03,3.706587500000000000e+05
