Compression_ratio,Efficiency,Massflow,Omega,P
1.985332000000000097e+00,8.734840000000000382e-01,1.982700499999999977e+01,1.717650000000000091e+03,3.619235499999999884e+05
