Compression_ratio,Efficiency,Massflow,Omega,P
1.865758999999999945e+00,8.658040000000000180e-01,1.834444600000000136e+01,1.627650000000000091e+03,3.679737500000000000e+05
