Compression_ratio,Efficiency,Massflow,Omega,P
1.906031000000000031e+00,8.677880000000000038e-01,1.839990799999999993e+01,1.638089999999999918e+03,3.750621500000000233e+05
