Compression_ratio,Efficiency,Massflow,Omega,P
1.922784000000000049e+00,8.752940000000000165e-01,1.919064499999999995e+01,1.664730000000000018e+03,3.626395499999999884e+05
