Omega,P
1.628549999999999955e+03,3.609927500000000000e+05
