Compression_ratio,Efficiency,Massflow,Omega,P
1.897229999999999972e+00,8.698749999999999538e-01,1.839347499999999869e+01,1.643849999999999909e+03,3.732363499999999767e+05
