Compression_ratio,Efficiency,Massflow,Omega,P
1.891277000000000097e+00,8.713729999999999531e-01,1.823808899999999866e+01,1.635029999999999973e+03,3.753843499999999767e+05
