Compression_ratio,Efficiency,Massflow,Omega,P
1.974682000000000048e+00,8.651739999999999986e-01,1.930140199999999950e+01,1.694970000000000027e+03,3.699606500000000233e+05
