Compression_ratio,Efficiency,Massflow,Omega,P
1.943718999999999975e+00,8.722499999999999698e-01,1.937291300000000049e+01,1.687410000000000082e+03,3.628543499999999767e+05
