Compression_ratio,Efficiency,Massflow,Omega,P
1.883642000000000039e+00,8.714119999999999644e-01,1.864084199999999925e+01,1.642589999999999918e+03,3.658257500000000000e+05
