Compression_ratio,Efficiency,Massflow,Omega,P
2.035413999999999835e+00,8.742330000000000378e-01,1.983713399999999893e+01,1.741589999999999918e+03,3.710883499999999767e+05
