Compression_ratio,Efficiency,Massflow,Omega,P
1.882621000000000100e+00,8.707380000000000120e-01,1.849691800000000086e+01,1.629450000000000045e+03,3.684570499999999884e+05
