Compression_ratio,Efficiency,Massflow,Omega,P
1.983289999999999997e+00,8.731039999999999912e-01,1.950449700000000064e+01,1.696769999999999982e+03,3.679558499999999767e+05
