Compression_ratio,Efficiency,Massflow,Omega,P
1.894166999999999934e+00,8.652959999999999541e-01,1.854628699999999952e+01,1.642230000000000018e+03,3.696384500000000116e+05
