Compression_ratio,Efficiency,Massflow,Omega,P
1.951422999999999908e+00,8.717620000000000369e-01,1.893579099999999826e+01,1.671390000000000100e+03,3.730931500000000233e+05
