Compression_ratio,Efficiency,Massflow,Omega,P
1.893108999999999931e+00,8.906100000000000128e-01,1.895904200000000017e+01,1.639170000000000073e+03,3.613865499999999884e+05
