Compression_ratio,Efficiency,Massflow,Omega,P
2.057965999999999962e+00,8.636970000000000480e-01,1.986548499999999962e+01,1.757430000000000064e+03,3.746146500000000233e+05
