Omega,P
1.668150000000000091e+03,3.653782500000000000e+05
