Compression_ratio,Efficiency,Massflow,Omega,P
2.032576999999999856e+00,8.617280000000000495e-01,2.022963700000000031e+01,1.770029999999999973e+03,3.628722500000000000e+05
