Compression_ratio,Efficiency,Massflow,Omega,P
1.910381000000000107e+00,8.869949999999999779e-01,1.904527600000000120e+01,1.648349999999999909e+03,3.630870499999999884e+05
