Compression_ratio,Efficiency,Massflow,Omega,P
1.924685999999999897e+00,8.662069999999999492e-01,1.871458200000000005e+01,1.658970000000000027e+03,3.720191500000000233e+05
