Compression_ratio,Efficiency,Massflow,Omega,P
1.967481000000000035e+00,8.884790000000000187e-01,1.960907500000000070e+01,1.696049999999999955e+03,3.629080499999999884e+05
