Compression_ratio,Efficiency,Massflow,Omega,P
1.919869999999999965e+00,8.826389999999999514e-01,1.896720099999999931e+01,1.653930000000000064e+03,3.663985499999999884e+05
