Omega,P
1.735650000000000091e+03,3.765657500000000000e+05
