Compression_ratio,Efficiency,Massflow,Omega,P
2.033230000000000093e+00,8.614669999999999828e-01,2.045966299999999904e+01,1.783170000000000073e+03,3.588268499999999767e+05
