Compression_ratio,Efficiency,Massflow,Omega,P
2.020494999999999930e+00,8.709860000000000380e-01,1.967950400000000144e+01,1.722509999999999991e+03,3.711599500000000116e+05
