Compression_ratio,Efficiency,Massflow,Omega,P
1.962369000000000030e+00,8.708399999999999475e-01,1.888454400000000177e+01,1.693349999999999909e+03,3.758497500000000000e+05
