Compression_ratio,Efficiency,Massflow,Omega,P
1.930820999999999898e+00,8.710679999999999534e-01,1.856590100000000021e+01,1.661849999999999909e+03,3.762435499999999884e+05
