Compression_ratio,Efficiency,Massflow,Omega,P
2.082384999999999931e+00,8.470750000000000224e-01,2.006589900000000171e+01,1.792529999999999973e+03,3.744714500000000116e+05
