Compression_ratio,Efficiency,Massflow,Omega,P
1.973058999999999896e+00,8.735509999999999664e-01,1.970035800000000137e+01,1.698569999999999936e+03,3.620846500000000233e+05
