Compression_ratio,Efficiency,Massflow,Omega,P
1.910220999999999947e+00,8.834980000000000055e-01,1.893714800000000054e+01,1.646549999999999955e+03,3.650202500000000000e+05
