Omega,P
1.741950000000000045e+03,3.703902500000000000e+05
