Compression_ratio,Efficiency,Massflow,Omega,P
1.987662999999999958e+00,8.828960000000000141e-01,1.993114999999999881e+01,1.714769999999999982e+03,3.606526500000000233e+05
