Compression_ratio,Efficiency,Massflow,Omega,P
1.929480000000000084e+00,8.618369999999999642e-01,1.906376200000000054e+01,1.679490000000000009e+03,3.661121500000000233e+05
