Compression_ratio,Efficiency,Massflow,Omega,P
2.006260000000000154e+00,8.613889999999999603e-01,1.944362500000000082e+01,1.711890000000000100e+03,3.730752500000000000e+05
