Compression_ratio,Efficiency,Massflow,Omega,P
2.030009999999999870e+00,8.658360000000000500e-01,2.027775099999999853e+01,1.774710000000000036e+03,3.614760499999999884e+05
