Compression_ratio,Efficiency,Massflow,Omega,P
1.906179000000000068e+00,8.647970000000000379e-01,1.851104000000000127e+01,1.664369999999999891e+03,3.727172500000000000e+05
