Compression_ratio,Efficiency,Massflow,Omega,P
1.964930000000000065e+00,8.780999999999999917e-01,1.966009999999999991e+01,1.687049999999999955e+03,3.616729500000000116e+05
