Compression_ratio,Efficiency,Massflow,Omega,P
2.040731000000000073e+00,8.604950000000000099e-01,1.997042799999999829e+01,1.765349999999999909e+03,3.691730499999999884e+05
