Compression_ratio,Efficiency,Massflow,Omega,P
2.002504000000000062e+00,8.726249999999999840e-01,1.948659599999999870e+01,1.698210000000000036e+03,3.718043499999999767e+05
