Compression_ratio,Efficiency,Massflow,Omega,P
1.966685999999999934e+00,8.735979999999999857e-01,1.951372299999999882e+01,1.684529999999999973e+03,3.645548499999999767e+05
