Omega,P
1.768049999999999955e+03,3.596502500000000000e+05
