Compression_ratio,Efficiency,Massflow,Omega,P
2.015083999999999875e+00,8.801160000000000094e-01,2.019248699999999985e+01,1.744109999999999900e+03,3.604557500000000000e+05
