Compression_ratio,Efficiency,Massflow,Omega,P
1.978636999999999979e+00,8.795770000000000532e-01,1.980062900000000070e+01,1.715490000000000009e+03,3.614223499999999767e+05
