Compression_ratio,Efficiency,Massflow,Omega,P
2.076025000000000009e+00,8.591729999999999645e-01,1.996621599999999930e+01,1.769849999999999909e+03,3.757781500000000233e+05
