Omega,P
1.753650000000000091e+03,3.684212500000000000e+05
