Compression_ratio,Efficiency,Massflow,Omega,P
2.027566000000000201e+00,8.712499999999999689e-01,2.003149799999999914e+01,1.759049999999999955e+03,3.655930499999999884e+05
