Compression_ratio,Efficiency,Massflow,Omega,P
1.965357999999999938e+00,8.823670000000000124e-01,1.960051899999999847e+01,1.693170000000000073e+03,3.628364500000000116e+05
