Omega,P
1.625849999999999909e+03,3.713747500000000000e+05
