Omega,P
1.700549999999999955e+03,3.661837500000000000e+05
