Compression_ratio,Efficiency,Massflow,Omega,P
2.034289999999999932e+00,8.538259999999999739e-01,1.998847400000000007e+01,1.746809999999999945e+03,3.676336500000000233e+05
