Compression_ratio,Efficiency,Massflow,Omega,P
2.075667999999999846e+00,8.644920000000000382e-01,1.996650299999999945e+01,1.759769999999999982e+03,3.756528499999999767e+05
