Omega,P
1.773450000000000045e+03,3.716432500000000000e+05
