Omega,P
1.632150000000000091e+03,3.682422500000000000e+05
