Compression_ratio,Efficiency,Massflow,Omega,P
1.885742999999999947e+00,8.668770000000000087e-01,1.835550900000000141e+01,1.625309999999999945e+03,3.717864500000000116e+05
