Compression_ratio,Efficiency,Massflow,Omega,P
2.029732000000000092e+00,8.797449999999999992e-01,2.004604099999999889e+01,1.753470000000000027e+03,3.658078499999999767e+05
