Compression_ratio,Efficiency,Massflow,Omega,P
2.014590999999999799e+00,8.742520000000000291e-01,1.996637700000000137e+01,1.742130000000000109e+03,3.648233499999999767e+05
