Compression_ratio,Efficiency,Massflow,Omega,P
2.085942000000000185e+00,8.612849999999999673e-01,2.010385199999999983e+01,1.788750000000000000e+03,3.745967500000000000e+05
