Compression_ratio,Efficiency,Massflow,Omega,P
2.074523000000000117e+00,8.622750000000000137e-01,1.992371800000000093e+01,1.768410000000000082e+03,3.761719500000000116e+05
