Compression_ratio,Efficiency,Massflow,Omega,P
1.964139999999999997e+00,8.595140000000000002e-01,1.887422600000000017e+01,1.675890000000000100e+03,3.766373499999999767e+05
