Omega,P
1.620450000000000045e+03,3.737912500000000000e+05
