Compression_ratio,Efficiency,Massflow,Omega,P
1.936134999999999939e+00,8.738550000000000484e-01,1.877953400000000173e+01,1.666170000000000073e+03,3.731826500000000233e+05
