Compression_ratio,Efficiency,Massflow,Omega,P
1.902366999999999919e+00,8.854640000000000288e-01,1.872978700000000174e+01,1.638630000000000109e+03,3.677052500000000000e+05
