Compression_ratio,Efficiency,Massflow,Omega,P
1.912720999999999894e+00,8.600219999999999532e-01,1.884382199999999941e+01,1.666349999999999909e+03,3.673293499999999767e+05
