Compression_ratio,Efficiency,Massflow,Omega,P
2.028855000000000075e+00,8.664150000000000462e-01,2.036566900000000047e+01,1.786950000000000045e+03,3.595249500000000116e+05
