Compression_ratio,Efficiency,Massflow,Omega,P
2.012703000000000131e+00,8.657449999999999868e-01,1.992185100000000020e+01,1.734569999999999936e+03,3.652708499999999767e+05
