Compression_ratio,Efficiency,Massflow,Omega,P
2.070561000000000096e+00,8.680400000000000338e-01,2.035308200000000056e+01,1.780289999999999964e+03,3.673472500000000000e+05
