Compression_ratio,Efficiency,Massflow,Omega,P
2.047873000000000054e+00,8.494450000000000056e-01,2.059464099999999931e+01,1.784250000000000000e+03,3.588805499999999884e+05
