Omega,P
1.760849999999999909e+03,3.708377500000000000e+05
