Compression_ratio,Efficiency,Massflow,Omega,P
1.916239999999999943e+00,8.672189999999999621e-01,1.897197200000000095e+01,1.659690000000000055e+03,3.655214500000000116e+05
