Omega,P
1.645650000000000091e+03,3.627827500000000000e+05
