Omega,P
1.669950000000000045e+03,3.726277500000000000e+05
