Compression_ratio,Efficiency,Massflow,Omega,P
2.079162999999999872e+00,8.609850000000000003e-01,1.995112900000000167e+01,1.768049999999999955e+03,3.766015499999999884e+05
