Compression_ratio,Efficiency,Massflow,Omega,P
2.016823000000000032e+00,8.734499999999999487e-01,1.969371699999999947e+01,1.713509999999999991e+03,3.704081500000000233e+05
