Compression_ratio,Efficiency,Massflow,Omega,P
1.911203999999999903e+00,8.666740000000000554e-01,1.909932200000000080e+01,1.664009999999999991e+03,3.620309500000000116e+05
