Omega,P
1.729349999999999909e+03,3.655572500000000000e+05
