Compression_ratio,Efficiency,Massflow,Omega,P
2.093309000000000086e+00,8.495530000000000026e-01,2.022811799999999849e+01,1.798650000000000091e+03,3.738091500000000233e+05
