Compression_ratio,Efficiency,Massflow,Omega,P
2.100903000000000187e+00,8.478489999999999638e-01,2.021209400000000045e+01,1.792349999999999909e+03,3.753306500000000233e+05
