Compression_ratio,Efficiency,Massflow,Omega,P
2.058562999999999921e+00,8.730210000000000470e-01,2.011239399999999833e+01,1.763009999999999991e+03,3.699069500000000116e+05
