Omega,P
1.791450000000000045e+03,3.681527500000000000e+05
