Compression_ratio,Efficiency,Massflow,Omega,P
2.068086000000000091e+00,8.647230000000000194e-01,2.035049599999999970e+01,1.795049999999999955e+03,3.668460499999999884e+05
