Compression_ratio,Efficiency,Massflow,Omega,P
1.886605000000000087e+00,8.855340000000000433e-01,1.854024899999999931e+01,1.625670000000000073e+03,3.683138499999999767e+05
