Compression_ratio,Efficiency,Massflow,Omega,P
1.971470000000000056e+00,8.893419999999999659e-01,1.960974699999999871e+01,1.681470000000000027e+03,3.637672500000000000e+05
