Compression_ratio,Efficiency,Massflow,Omega,P
1.959816999999999920e+00,8.646030000000000104e-01,1.901322499999999849e+01,1.688490000000000009e+03,3.727530499999999884e+05
