Compression_ratio,Efficiency,Massflow,Omega,P
1.886978999999999962e+00,8.686129999999999685e-01,1.823734800000000078e+01,1.622250000000000000e+03,3.746862500000000000e+05
