Compression_ratio,Efficiency,Massflow,Omega,P
2.002909999999999968e+00,8.761989999999999501e-01,1.954826999999999870e+01,1.710089999999999918e+03,3.705334500000000116e+05
