Compression_ratio,Efficiency,Massflow,Omega,P
2.038413999999999948e+00,8.812240000000000073e-01,1.973473500000000058e+01,1.731869999999999891e+03,3.735227500000000000e+05
