Compression_ratio,Efficiency,Massflow,Omega,P
2.061890000000000001e+00,8.580400000000000249e-01,2.045236200000000082e+01,1.791450000000000045e+03,3.638030499999999884e+05
