Compression_ratio,Efficiency,Massflow,Omega,P
1.935097000000000067e+00,8.758219999999999894e-01,1.903919300000000092e+01,1.656990000000000009e+03,3.679021500000000233e+05
