Compression_ratio,Efficiency,Massflow,Omega,P
2.054463000000000150e+00,8.563290000000000068e-01,2.063340300000000127e+01,1.792710000000000036e+03,3.593101500000000233e+05
