Compression_ratio,Efficiency,Massflow,Omega,P
1.878271999999999942e+00,8.892170000000000352e-01,1.882568300000000150e+01,1.634490000000000009e+03,3.609748499999999767e+05
