Compression_ratio,Efficiency,Massflow,Omega,P
2.020763999999999783e+00,8.705789999999999917e-01,2.016426999999999836e+01,1.747170000000000073e+03,3.620488499999999767e+05
