Compression_ratio,Efficiency,Massflow,Omega,P
2.028989000000000154e+00,8.717230000000000256e-01,2.012473100000000059e+01,1.738890000000000100e+03,3.644653499999999767e+05
