Omega,P
1.705049999999999955e+03,3.762972500000000000e+05
