Omega,P
1.674450000000000045e+03,3.702112500000000000e+05
