Omega,P
1.689750000000000000e+03,3.649307500000000000e+05
