Compression_ratio,Efficiency,Massflow,Omega,P
2.029710999999999821e+00,8.803600000000000314e-01,1.973963399999999879e+01,1.713690000000000055e+03,3.718222500000000000e+05
