Omega,P
1.660950000000000045e+03,3.697637500000000000e+05
