Compression_ratio,Efficiency,Massflow,Omega,P
2.031588000000000171e+00,8.744079999999999631e-01,2.010880699999999877e+01,1.740150000000000091e+03,3.651813499999999767e+05
