Compression_ratio,Efficiency,Massflow,Omega,P
1.942414000000000085e+00,8.824990000000000334e-01,1.921731399999999823e+01,1.671210000000000036e+03,3.659152500000000000e+05
