Compression_ratio,Efficiency,Massflow,Omega,P
2.002098999999999851e+00,8.714049999999999851e-01,1.943226699999999951e+01,1.708109999999999900e+03,3.728604500000000116e+05
