Compression_ratio,Efficiency,Massflow,Omega,P
2.069898999999999933e+00,8.553680000000000172e-01,2.020620500000000064e+01,1.791990000000000009e+03,3.697458499999999767e+05
