Compression_ratio,Efficiency,Massflow,Omega,P
1.872649999999999926e+00,8.720539999999999958e-01,1.849049199999999971e+01,1.630529999999999973e+03,3.666312500000000000e+05
