Compression_ratio,Efficiency,Massflow,Omega,P
1.954498000000000069e+00,8.732820000000000027e-01,1.923007199999999983e+01,1.674630000000000109e+03,3.677589500000000116e+05
