Compression_ratio,Efficiency,Massflow,Omega,P
1.979923000000000100e+00,8.798240000000000505e-01,1.988927100000000081e+01,1.717289999999999964e+03,3.598829500000000116e+05
