Omega,P
1.691549999999999955e+03,3.651992500000000000e+05
