Compression_ratio,Efficiency,Massflow,Omega,P
2.016243999999999925e+00,8.632640000000000313e-01,1.964991900000000058e+01,1.740690000000000055e+03,3.709809500000000116e+05
