Compression_ratio,Efficiency,Massflow,Omega,P
2.038279000000000174e+00,8.670729999999999826e-01,2.006322899999999976e+01,1.771650000000000091e+03,3.667744500000000116e+05
