Compression_ratio,Efficiency,Massflow,Omega,P
2.063292999999999822e+00,8.671219999999999484e-01,1.991265200000000135e+01,1.768950000000000045e+03,3.745609500000000116e+05
