Compression_ratio,Efficiency,Massflow,Omega,P
1.896943999999999964e+00,8.741100000000000536e-01,1.847510199999999969e+01,1.622069999999999936e+03,3.716611500000000233e+05
