Compression_ratio,Efficiency,Massflow,Omega,P
1.927429999999999977e+00,8.810519999999999463e-01,1.927685500000000118e+01,1.669950000000000045e+03,3.617445499999999884e+05
