Compression_ratio,Efficiency,Massflow,Omega,P
1.984053000000000067e+00,8.747479999999999700e-01,1.978441400000000172e+01,1.717829999999999927e+03,3.623352500000000000e+05
