Omega,P
1.759049999999999955e+03,3.624247500000000000e+05
