Compression_ratio,Efficiency,Massflow,Omega,P
1.918284000000000100e+00,8.574500000000000455e-01,1.846902299999999997e+01,1.655910000000000082e+03,3.755812500000000000e+05
