Omega,P
1.732950000000000045e+03,3.599187500000000000e+05
