Compression_ratio,Efficiency,Massflow,Omega,P
2.029665000000000052e+00,8.684549999999999770e-01,1.988354899999999859e+01,1.742849999999999909e+03,3.689403499999999767e+05
