Omega,P
1.787849999999999909e+03,3.699427500000000000e+05
