Compression_ratio,Efficiency,Massflow,Omega,P
1.973216999999999999e+00,8.800459999999999949e-01,1.988216099999999997e+01,1.714589999999999918e+03,3.588089500000000116e+05
