Compression_ratio,Efficiency,Massflow,Omega,P
1.962493999999999961e+00,8.686310000000000420e-01,1.941255900000000167e+01,1.691549999999999955e+03,3.657899500000000116e+05
