Compression_ratio,Efficiency,Massflow,Omega,P
2.030415000000000081e+00,8.652739999999999876e-01,2.002746899999999997e+01,1.761750000000000000e+03,3.662374500000000116e+05
