Compression_ratio,Efficiency,Massflow,Omega,P
1.982210000000000027e+00,8.816500000000000448e-01,1.932791999999999888e+01,1.694250000000000000e+03,3.710525499999999884e+05
