Omega,P
1.622250000000000000e+03,3.736122500000000000e+05
