Compression_ratio,Efficiency,Massflow,Omega,P
1.923246999999999929e+00,8.820599999999999552e-01,1.896000000000000085e+01,1.661490000000000009e+03,3.669534500000000116e+05
