Compression_ratio,Efficiency,Massflow,Omega,P
1.980539999999999967e+00,8.817650000000000210e-01,1.969650299999999987e+01,1.709009999999999991e+03,3.637493499999999767e+05
