Compression_ratio,Efficiency,Massflow,Omega,P
1.868096999999999897e+00,8.614929999999999533e-01,1.802486499999999836e+01,1.626210000000000036e+03,3.749010499999999884e+05
