Omega,P
1.772549999999999955e+03,3.626037500000000000e+05
