Compression_ratio,Efficiency,Massflow,Omega,P
2.017891000000000101e+00,8.734250000000000069e-01,1.979957599999999829e+01,1.732230000000000018e+03,3.686360499999999884e+05
