Compression_ratio,Efficiency,Massflow,Omega,P
1.988056999999999963e+00,8.750679999999999570e-01,2.002365299999999948e+01,1.720710000000000036e+03,3.590237500000000000e+05
