Omega,P
1.786950000000000045e+03,3.643042500000000000e+05
