Compression_ratio,Efficiency,Massflow,Omega,P
1.951367999999999991e+00,8.625490000000000101e-01,1.881039499999999975e+01,1.678589999999999918e+03,3.753127500000000000e+05
