Compression_ratio,Efficiency,Massflow,Omega,P
1.954865000000000075e+00,8.694910000000000139e-01,1.885056499999999957e+01,1.682910000000000082e+03,3.752232500000000000e+05
