Compression_ratio,Efficiency,Massflow,Omega,P
1.897126000000000090e+00,8.691299999999999581e-01,1.865101999999999904e+01,1.646730000000000018e+03,3.681169500000000116e+05
