Omega,P
1.640250000000000000e+03,3.668102500000000000e+05
