Compression_ratio,Efficiency,Massflow,Omega,P
2.029174999999999951e+00,8.618770000000000042e-01,2.014679900000000146e+01,1.759230000000000018e+03,3.638567500000000000e+05
