Omega,P
1.687049999999999955e+03,3.733437500000000000e+05
