Compression_ratio,Efficiency,Massflow,Omega,P
2.005522000000000027e+00,8.578120000000000189e-01,1.933195200000000114e+01,1.716930000000000064e+03,3.750800499999999884e+05
