Omega,P
1.771650000000000091e+03,3.658257500000000000e+05
