Omega,P
1.680750000000000000e+03,3.612612500000000000e+05
