Compression_ratio,Efficiency,Massflow,Omega,P
2.069981999999999989e+00,8.513910000000000089e-01,2.020325700000000069e+01,1.793430000000000064e+03,3.700143499999999767e+05
