Compression_ratio,Efficiency,Massflow,Omega,P
2.055718999999999852e+00,8.685829999999999940e-01,2.056038500000000013e+01,1.778130000000000109e+03,3.609927500000000000e+05
