Compression_ratio,Efficiency,Massflow,Omega,P
1.886373000000000077e+00,8.716329999999999911e-01,1.823065199999999919e+01,1.622430000000000064e+03,3.745788499999999767e+05
