Compression_ratio,Efficiency,Massflow,Omega,P
1.893296000000000090e+00,8.624439999999999884e-01,1.845253399999999999e+01,1.641690000000000055e+03,3.713747500000000000e+05
