Omega,P
1.660049999999999955e+03,3.603662500000000000e+05
