Compression_ratio,Efficiency,Massflow,Omega,P
2.041303000000000090e+00,8.643710000000000004e-01,2.046202100000000002e+01,1.796309999999999945e+03,3.597934500000000116e+05
