Compression_ratio,Efficiency,Massflow,Omega,P
2.010765999999999831e+00,8.598890000000000144e-01,2.021864100000000164e+01,1.773089999999999918e+03,3.589342500000000000e+05
