Compression_ratio,Efficiency,Massflow,Omega,P
2.041850999999999861e+00,8.738939999999999486e-01,2.037674200000000013e+01,1.771829999999999927e+03,3.619593499999999767e+05
