Compression_ratio,Efficiency,Massflow,Omega,P
2.022444999999999826e+00,8.601539999999999742e-01,2.023867500000000064e+01,1.792170000000000073e+03,3.606705499999999884e+05
