Compression_ratio,Efficiency,Massflow,Omega,P
2.052452999999999861e+00,8.610579999999999901e-01,1.979788299999999879e+01,1.755630000000000109e+03,3.746683499999999767e+05
