Compression_ratio,Efficiency,Massflow,Omega,P
2.053563000000000027e+00,8.704539999999999500e-01,1.978861600000000109e+01,1.749869999999999891e+03,3.750263499999999767e+05
