Compression_ratio,Efficiency,Massflow,Omega,P
1.894816000000000056e+00,8.717850000000000321e-01,1.846252600000000044e+01,1.639349999999999909e+03,3.714642500000000000e+05
