Compression_ratio,Efficiency,Massflow,Omega,P
1.922163999999999984e+00,8.607479999999999576e-01,1.885081500000000077e+01,1.668869999999999891e+03,3.687792500000000000e+05
