Compression_ratio,Efficiency,Massflow,Omega,P
1.858702000000000076e+00,8.777199999999999447e-01,1.863562299999999894e+01,1.620269999999999982e+03,3.611717500000000000e+05
