Compression_ratio,Efficiency,Massflow,Omega,P
2.087609000000000048e+00,8.571339999999999515e-01,2.007127600000000101e+01,1.783349999999999909e+03,3.757960499999999884e+05
