Omega,P
1.673549999999999955e+03,3.654677500000000000e+05
