Compression_ratio,Efficiency,Massflow,Omega,P
1.983182999999999918e+00,8.780959999999999877e-01,1.991414400000000029e+01,1.711349999999999909e+03,3.602588499999999767e+05
