Compression_ratio,Efficiency,Massflow,Omega,P
2.036754000000000175e+00,8.711400000000000254e-01,2.007754999999999868e+01,1.754549999999999955e+03,3.666849500000000116e+05
