Compression_ratio,Efficiency,Massflow,Omega,P
1.931297000000000041e+00,8.862419999999999742e-01,1.912869799999999998e+01,1.671569999999999936e+03,3.654856500000000233e+05
