Compression_ratio,Efficiency,Massflow,Omega,P
2.024074000000000151e+00,8.743720000000000381e-01,2.031251100000000065e+01,1.764269999999999982e+03,3.599187500000000000e+05
