Compression_ratio,Efficiency,Massflow,Omega,P
1.909763000000000099e+00,8.666970000000000507e-01,1.863450999999999880e+01,1.644750000000000000e+03,3.708556500000000233e+05
