Omega,P
1.708650000000000091e+03,3.763867500000000000e+05
