Compression_ratio,Efficiency,Massflow,Omega,P
2.023079000000000072e+00,8.665310000000000512e-01,1.998940500000000142e+01,1.741769999999999982e+03,3.657183499999999767e+05
