Compression_ratio,Efficiency,Massflow,Omega,P
2.051893000000000189e+00,8.578700000000000214e-01,2.011826900000000151e+01,1.766250000000000000e+03,3.682959500000000116e+05
