Compression_ratio,Efficiency,Massflow,Omega,P
1.918971999999999900e+00,8.687660000000000382e-01,1.860447200000000123e+01,1.646009999999999991e+03,3.733795499999999884e+05
