Compression_ratio,Efficiency,Massflow,Omega,P
2.073462999999999834e+00,8.568029999999999813e-01,2.017129500000000064e+01,1.781369999999999891e+03,3.711778499999999767e+05
