Compression_ratio,Efficiency,Massflow,Omega,P
1.918342999999999909e+00,8.660550000000000193e-01,1.921569999999999823e+01,1.679309999999999945e+03,3.611180499999999884e+05
