Compression_ratio,Efficiency,Massflow,Omega,P
1.997786999999999979e+00,8.871520000000000516e-01,1.984569400000000172e+01,1.715670000000000073e+03,3.639641500000000233e+05
