Omega,P
1.627650000000000091e+03,3.707482500000000000e+05
