Compression_ratio,Efficiency,Massflow,Omega,P
1.961969999999999992e+00,8.875920000000000476e-01,1.974264799999999909e+01,1.700369999999999891e+03,3.593459500000000116e+05
