Compression_ratio,Efficiency,Massflow,Omega,P
2.013256999999999852e+00,8.605129999999999724e-01,2.018062700000000120e+01,1.759589999999999918e+03,3.601156500000000233e+05
