Omega,P
1.655549999999999955e+03,3.598292500000000000e+05
