Compression_ratio,Efficiency,Massflow,Omega,P
2.017522000000000038e+00,8.659919999999999840e-01,2.023158400000000157e+01,1.769309999999999945e+03,3.598113499999999767e+05
