Compression_ratio,Efficiency,Massflow,Omega,P
2.042701999999999796e+00,8.672260000000000524e-01,1.977413100000000057e+01,1.748789999999999964e+03,3.733974500000000116e+05
