Compression_ratio,Efficiency,Massflow,Omega,P
2.036211000000000215e+00,8.785560000000000036e-01,1.995908999999999978e+01,1.737089999999999918e+03,3.687971500000000233e+05
