Compression_ratio,Efficiency,Massflow,Omega,P
2.075250000000000039e+00,8.594100000000000072e-01,2.038722100000000026e+01,1.793970000000000027e+03,3.675799500000000116e+05
