Compression_ratio,Efficiency,Massflow,Omega,P
2.063495000000000079e+00,8.622959999999999514e-01,2.063644899999999893e+01,1.796490000000000009e+03,3.608674500000000116e+05
