Compression_ratio,Efficiency,Massflow,Omega,P
2.090959999999999930e+00,8.614760000000000195e-01,2.084315799999999896e+01,1.789829999999999927e+03,3.621204500000000116e+05
