Omega,P
1.752750000000000000e+03,3.709272500000000000e+05
