Compression_ratio,Efficiency,Massflow,Omega,P
1.983125000000000027e+00,8.611339999999999550e-01,1.914793799999999990e+01,1.688849999999999909e+03,3.745251500000000233e+05
