Compression_ratio,Efficiency,Massflow,Omega,P
1.955089999999999995e+00,8.777690000000000214e-01,1.908645999999999887e+01,1.671930000000000064e+03,3.706050499999999884e+05
