Compression_ratio,Efficiency,Massflow,Omega,P
1.922574999999999923e+00,8.724899999999999878e-01,1.868305000000000149e+01,1.650690000000000055e+03,3.724487500000000000e+05
