Compression_ratio,Efficiency,Massflow,Omega,P
1.977171000000000012e+00,8.810540000000000038e-01,1.924612199999999973e+01,1.690109999999999900e+03,3.717148499999999767e+05
