Omega,P
1.637549999999999955e+03,3.745072500000000000e+05
