Compression_ratio,Efficiency,Massflow,Omega,P
2.040988000000000024e+00,8.562800000000000411e-01,2.043027999999999977e+01,1.777049999999999955e+03,3.608853499999999767e+05
