Compression_ratio,Efficiency,Massflow,Omega,P
1.930558999999999914e+00,8.639780000000000237e-01,1.888981499999999869e+01,1.673190000000000055e+03,3.698711500000000233e+05
