Compression_ratio,Efficiency,Massflow,Omega,P
1.922949999999999937e+00,8.837369999999999948e-01,1.912519700000000000e+01,1.670309999999999945e+03,3.636061500000000233e+05
