Compression_ratio,Efficiency,Massflow,Omega,P
2.076109000000000204e+00,8.693729999999999514e-01,2.059160500000000127e+01,1.787670000000000073e+03,3.640536500000000233e+05
