Compression_ratio,Efficiency,Massflow,Omega,P
1.905804000000000054e+00,8.761419999999999764e-01,1.911162399999999906e+01,1.655369999999999891e+03,3.608495499999999884e+05
