Compression_ratio,Efficiency,Massflow,Omega,P
1.941773999999999889e+00,8.705939999999999790e-01,1.923139400000000165e+01,1.676789999999999964e+03,3.653961500000000233e+05
