Omega,P
1.709549999999999955e+03,3.613507500000000000e+05
