Compression_ratio,Efficiency,Massflow,Omega,P
2.024639000000000078e+00,8.714840000000000364e-01,1.964413499999999857e+01,1.732769999999999982e+03,3.724129500000000116e+05
