Compression_ratio,Efficiency,Massflow,Omega,P
2.003315999999999875e+00,8.629769999999999941e-01,1.980364799999999903e+01,1.728450000000000045e+03,3.655572500000000000e+05
