Omega,P
1.666349999999999909e+03,3.590237500000000000e+05
