Compression_ratio,Efficiency,Massflow,Omega,P
1.952028000000000096e+00,8.719590000000000396e-01,1.896758099999999914e+01,1.670670000000000073e+03,3.724845499999999884e+05
