Compression_ratio,Efficiency,Massflow,Omega,P
2.021869000000000138e+00,8.760670000000000401e-01,2.013242299999999929e+01,1.735470000000000027e+03,3.630154500000000116e+05
