Compression_ratio,Efficiency,Massflow,Omega,P
1.991268000000000038e+00,8.792990000000000528e-01,1.950912900000000150e+01,1.689930000000000064e+03,3.693162500000000000e+05
