Omega,P
1.718549999999999955e+03,3.720907500000000000e+05
