Compression_ratio,Efficiency,Massflow,Omega,P
1.990895999999999999e+00,8.647449999999999859e-01,1.950151400000000024e+01,1.711170000000000073e+03,3.692625499999999884e+05
