Compression_ratio,Efficiency,Massflow,Omega,P
1.937874000000000096e+00,8.818780000000000507e-01,1.942450900000000047e+01,1.665990000000000009e+03,3.610106500000000233e+05
