Compression_ratio,Efficiency,Massflow,Omega,P
1.863051999999999930e+00,8.801609999999999712e-01,1.856744399999999828e+01,1.635390000000000100e+03,3.631228499999999767e+05
