Omega,P
1.750049999999999955e+03,3.711957500000000000e+05
