Compression_ratio,Efficiency,Massflow,Omega,P
1.974209000000000103e+00,8.812240000000000073e-01,1.937983399999999889e+01,1.703069999999999936e+03,3.684391500000000233e+05
