Compression_ratio,Efficiency,Massflow,Omega,P
2.053920000000000190e+00,8.777160000000000517e-01,1.991735900000000115e+01,1.733849999999999909e+03,3.728246500000000233e+05
