Compression_ratio,Efficiency,Massflow,Omega,P
1.968982000000000010e+00,8.827009999999999579e-01,1.983099599999999896e+01,1.712609999999999900e+03,3.589700499999999884e+05
