Compression_ratio,Efficiency,Massflow,Omega,P
2.022855999999999987e+00,8.699989999999999668e-01,2.003195300000000145e+01,1.745730000000000018e+03,3.645369500000000116e+05
