Omega,P
1.676250000000000000e+03,3.614402500000000000e+05
