Compression_ratio,Efficiency,Massflow,Omega,P
1.898362000000000105e+00,8.775870000000000060e-01,1.895325300000000013e+01,1.641150000000000091e+03,3.626753499999999767e+05
