Omega,P
1.798650000000000091e+03,3.696742500000000000e+05
