Compression_ratio,Efficiency,Massflow,Omega,P
1.997686000000000073e+00,8.767700000000000493e-01,1.980797799999999853e+01,1.720529999999999973e+03,3.647338499999999767e+05
