Compression_ratio,Efficiency,Massflow,Omega,P
1.910803000000000029e+00,8.725549999999999695e-01,1.860232099999999988e+01,1.652849999999999909e+03,3.716432500000000000e+05
