Compression_ratio,Efficiency,Massflow,Omega,P
1.952606000000000064e+00,8.694819999999999771e-01,1.915406000000000120e+01,1.676609999999999900e+03,3.689224500000000116e+05
