Compression_ratio,Efficiency,Massflow,Omega,P
1.882136000000000031e+00,8.848160000000000469e-01,1.885411099999999962e+01,1.637730000000000018e+03,3.613328499999999767e+05
