Compression_ratio,Efficiency,Massflow,Omega,P
2.000618999999999925e+00,8.806899999999999729e-01,1.992933800000000133e+01,1.723950000000000045e+03,3.629975499999999884e+05
