Compression_ratio,Efficiency,Massflow,Omega,P
1.928326999999999902e+00,8.749559999999999560e-01,1.854492199999999968e+01,1.669410000000000082e+03,3.760466500000000233e+05
