Compression_ratio,Efficiency,Massflow,Omega,P
1.932881000000000071e+00,8.635610000000000230e-01,1.864947400000000144e+01,1.669049999999999955e+03,3.749726500000000233e+05
