Compression_ratio,Efficiency,Massflow,Omega,P
1.897370000000000001e+00,8.805739999999999679e-01,1.882426999999999850e+01,1.637009999999999991e+03,3.648949500000000116e+05
