Compression_ratio,Efficiency,Massflow,Omega,P
1.964228000000000085e+00,8.626850000000000351e-01,1.925982300000000080e+01,1.692089999999999918e+03,3.687434500000000116e+05
