Compression_ratio,Efficiency,Massflow,Omega,P
1.925381000000000009e+00,8.822729999999999739e-01,1.891669900000000126e+01,1.644390000000000100e+03,3.683496500000000233e+05
