Compression_ratio,Efficiency,Massflow,Omega,P
1.979184000000000054e+00,8.773769999999999625e-01,1.988283399999999901e+01,1.744470000000000027e+03,3.595607500000000000e+05
