Compression_ratio,Efficiency,Massflow,Omega,P
2.015509999999999913e+00,8.765159999999999618e-01,1.980959299999999956e+01,1.711710000000000036e+03,3.680274500000000116e+05
