Compression_ratio,Efficiency,Massflow,Omega,P
2.004503000000000146e+00,8.844729999999999537e-01,1.991249300000000133e+01,1.718009999999999991e+03,3.639462500000000000e+05
