Compression_ratio,Efficiency,Massflow,Omega,P
1.951667000000000041e+00,8.774589999999999890e-01,1.966229299999999824e+01,1.693529999999999973e+03,3.590058499999999767e+05
