Compression_ratio,Efficiency,Massflow,Omega,P
1.896379000000000037e+00,8.690759999999999597e-01,1.863691299999999984e+01,1.639890000000000100e+03,3.684033499999999767e+05
