Compression_ratio,Efficiency,Massflow,Omega,P
2.032833000000000112e+00,8.718749999999999556e-01,1.959581299999999970e+01,1.725569999999999936e+03,3.752948499999999767e+05
