Omega,P
1.681650000000000091e+03,3.610822500000000000e+05
