Omega,P
1.786049999999999955e+03,3.616192500000000000e+05
