Compression_ratio,Efficiency,Massflow,Omega,P
1.966847000000000012e+00,8.732870000000000354e-01,1.967481599999999986e+01,1.701269999999999982e+03,3.615476500000000233e+05
