Omega,P
1.714049999999999955e+03,3.671682500000000000e+05
