Compression_ratio,Efficiency,Massflow,Omega,P
1.934628999999999932e+00,8.827730000000000299e-01,1.937992900000000063e+01,1.682369999999999891e+03,3.610643499999999767e+05
