Compression_ratio,Efficiency,Massflow,Omega,P
1.880582999999999894e+00,8.718890000000000251e-01,1.826679299999999984e+01,1.633230000000000018e+03,3.725919500000000116e+05
