Omega,P
1.781549999999999955e+03,3.694952500000000000e+05
