Compression_ratio,Efficiency,Massflow,Omega,P
1.909426999999999985e+00,8.775840000000000307e-01,1.852583100000000016e+01,1.641869999999999891e+03,3.731110499999999884e+05
