Compression_ratio,Efficiency,Massflow,Omega,P
2.053733999999999948e+00,8.644739999999999647e-01,2.038241199999999864e+01,1.763369999999999891e+03,3.639999500000000116e+05
