Compression_ratio,Efficiency,Massflow,Omega,P
2.047191000000000205e+00,8.669820000000000304e-01,1.970233500000000149e+01,1.733670000000000073e+03,3.759392500000000000e+05
