Compression_ratio,Efficiency,Massflow,Omega,P
1.904446000000000083e+00,8.646589999999999554e-01,1.860675099999999915e+01,1.645829999999999927e+03,3.704439500000000116e+05
