Compression_ratio,Efficiency,Massflow,Omega,P
2.061313999999999869e+00,8.641410000000000480e-01,2.028219599999999900e+01,1.772730000000000018e+03,3.671861500000000233e+05
