Compression_ratio,Efficiency,Massflow,Omega,P
1.997142999999999891e+00,8.676939999999999653e-01,1.943774499999999961e+01,1.709369999999999891e+03,3.717327500000000000e+05
