Compression_ratio,Efficiency,Massflow,Omega,P
1.953286000000000078e+00,8.801710000000000367e-01,1.939489199999999869e+01,1.669769999999999982e+03,3.642863499999999767e+05
