Omega,P
1.699650000000000091e+03,3.639462500000000000e+05
