Compression_ratio,Efficiency,Massflow,Omega,P
1.963456000000000090e+00,8.754049999999999887e-01,1.942657799999999924e+01,1.692809999999999945e+03,3.655393499999999767e+05
