Compression_ratio,Efficiency,Massflow,Omega,P
2.016014000000000195e+00,8.723929999999999740e-01,1.962508100000000155e+01,1.728089999999999918e+03,3.713568499999999767e+05
