Compression_ratio,Efficiency,Massflow,Omega,P
2.005211000000000077e+00,8.748749999999999583e-01,1.972020499999999998e+01,1.723230000000000018e+03,3.676515499999999884e+05
