Compression_ratio,Efficiency,Massflow,Omega,P
2.028469999999999995e+00,8.629639999999999533e-01,2.002644700000000100e+01,1.757970000000000027e+03,3.659510499999999884e+05
