Omega,P
1.743750000000000000e+03,3.625142500000000000e+05
