Compression_ratio,Efficiency,Massflow,Omega,P
1.910814000000000012e+00,8.893299999999999539e-01,1.905645799999999923e+01,1.653029999999999973e+03,3.628185499999999884e+05
