Compression_ratio,Efficiency,Massflow,Omega,P
2.006906999999999996e+00,8.707040000000000335e-01,1.993336499999999845e+01,1.727009999999999991e+03,3.639104500000000116e+05
