Compression_ratio,Efficiency,Massflow,Omega,P
1.909526999999999974e+00,8.898530000000000051e-01,1.871001100000000150e+01,1.636470000000000027e+03,3.695489500000000116e+05
