Compression_ratio,Efficiency,Massflow,Omega,P
2.071531999999999929e+00,8.499520000000000408e-01,2.004573800000000006e+01,1.790009999999999991e+03,3.728962500000000000e+05
