Compression_ratio,Efficiency,Massflow,Omega,P
1.956258000000000052e+00,8.822109999999999674e-01,1.964602700000000013e+01,1.695690000000000055e+03,3.603662500000000000e+05
