Compression_ratio,Efficiency,Massflow,Omega,P
1.939041999999999932e+00,8.737110000000000154e-01,1.899925700000000006e+01,1.665809999999999945e+03,3.693878499999999767e+05
