Compression_ratio,Efficiency,Massflow,Omega,P
1.959175000000000111e+00,8.842780000000000085e-01,1.924774299999999982e+01,1.672289999999999964e+03,3.682780499999999884e+05
