Compression_ratio,Efficiency,Massflow,Omega,P
2.071308000000000149e+00,8.618630000000000457e-01,2.036554599999999837e+01,1.782089999999999918e+03,3.670608499999999767e+05
