Compression_ratio,Efficiency,Massflow,Omega,P
1.921329000000000065e+00,8.627200000000000424e-01,1.858585100000000168e+01,1.651950000000000045e+03,3.740418499999999767e+05
