Compression_ratio,Efficiency,Massflow,Omega,P
2.036725000000000119e+00,8.716300000000000159e-01,1.991170999999999935e+01,1.728809999999999945e+03,3.697995499999999884e+05
