Compression_ratio,Efficiency,Massflow,Omega,P
2.065190999999999999e+00,8.538860000000000339e-01,1.989970500000000087e+01,1.782269999999999982e+03,3.747757500000000000e+05
