Omega,P
1.795049999999999955e+03,3.751337500000000000e+05
