Compression_ratio,Efficiency,Massflow,Omega,P
1.900481000000000087e+00,8.695659999999999501e-01,1.871904299999999921e+01,1.648890000000000100e+03,3.672398499999999767e+05
