Omega,P
1.710450000000000045e+03,3.657362500000000000e+05
