Compression_ratio,Efficiency,Massflow,Omega,P
1.984906000000000059e+00,8.740520000000000511e-01,1.986977200000000110e+01,1.729349999999999909e+03,3.611538499999999767e+05
