Compression_ratio,Efficiency,Massflow,Omega,P
1.879747000000000057e+00,8.783659999999999801e-01,1.890959199999999996e+01,1.644569999999999936e+03,3.597397500000000000e+05
