Compression_ratio,Efficiency,Massflow,Omega,P
2.077055999999999791e+00,8.499640000000000528e-01,2.018805499999999853e+01,1.793609999999999900e+03,3.713389500000000116e+05
