Compression_ratio,Efficiency,Massflow,Omega,P
1.973959000000000019e+00,8.805779999999999719e-01,1.971942900000000165e+01,1.690470000000000027e+03,3.621383499999999767e+05
