Omega,P
1.723950000000000045e+03,3.729857500000000000e+05
