Compression_ratio,Efficiency,Massflow,Omega,P
1.990717999999999988e+00,8.671879999999999589e-01,1.913044199999999861e+01,1.704150000000000091e+03,3.762077500000000000e+05
