Compression_ratio,Efficiency,Massflow,Omega,P
1.988976999999999995e+00,8.752689999999999637e-01,1.915921000000000163e+01,1.684170000000000073e+03,3.757065499999999884e+05
