Compression_ratio,Efficiency,Massflow,Omega,P
2.064309999999999867e+00,8.596749999999999670e-01,2.070831499999999892e+01,1.799730000000000018e+03,3.598292500000000000e+05
