Omega,P
1.775250000000000000e+03,3.688687500000000000e+05
