Omega,P
1.799549999999999955e+03,3.611717500000000000e+05
