Compression_ratio,Efficiency,Massflow,Omega,P
1.893774000000000068e+00,8.571079999999999810e-01,1.829332000000000136e+01,1.637190000000000055e+03,3.747041500000000233e+05
