Compression_ratio,Efficiency,Massflow,Omega,P
1.890042000000000000e+00,8.718129999999999491e-01,1.840791499999999914e+01,1.624049999999999955e+03,3.715895499999999884e+05
