Compression_ratio,Efficiency,Massflow,Omega,P
2.010518999999999945e+00,8.622779999999999889e-01,1.934751899999999836e+01,1.719089999999999918e+03,3.757423499999999767e+05
