Compression_ratio,Efficiency,Massflow,Omega,P
1.980024999999999924e+00,8.750480000000000480e-01,1.987041500000000127e+01,1.723589999999999918e+03,3.602230499999999884e+05
