Compression_ratio,Efficiency,Massflow,Omega,P
2.069281000000000148e+00,8.586240000000000538e-01,2.057527299999999926e+01,1.797750000000000000e+03,3.627290499999999884e+05
