Compression_ratio,Efficiency,Massflow,Omega,P
2.006753999999999927e+00,8.692159999999999886e-01,2.017475900000000166e+01,1.729710000000000036e+03,3.596502500000000000e+05
