Compression_ratio,Efficiency,Massflow,Omega,P
2.052951000000000192e+00,8.616030000000000078e-01,2.013807600000000164e+01,1.757609999999999900e+03,3.682601500000000233e+05
