Compression_ratio,Efficiency,Massflow,Omega,P
1.888328999999999924e+00,8.757489999999999997e-01,1.872718800000000172e+01,1.633589999999999918e+03,3.650739500000000116e+05
