Compression_ratio,Efficiency,Massflow,Omega,P
1.923605999999999927e+00,8.822039999999999882e-01,1.911667299999999869e+01,1.656630000000000109e+03,3.641073499999999767e+05
