Compression_ratio,Efficiency,Massflow,Omega,P
1.907424999999999926e+00,8.751390000000000002e-01,1.875233199999999911e+01,1.645470000000000027e+03,3.682243499999999767e+05
