Compression_ratio,Efficiency,Massflow,Omega,P
2.012021999999999977e+00,8.640099999999999447e-01,2.019638799999999890e+01,1.765170000000000073e+03,3.598471500000000233e+05
