Compression_ratio,Efficiency,Massflow,Omega,P
1.879561000000000037e+00,8.811620000000000008e-01,1.869912300000000016e+01,1.640430000000000064e+03,3.636598499999999767e+05
