Compression_ratio,Efficiency,Massflow,Omega,P
2.065190999999999999e+00,8.659080000000000110e-01,2.013575399999999860e+01,1.773990000000000009e+03,3.701754500000000116e+05
