Compression_ratio,Efficiency,Massflow,Omega,P
1.871936999999999962e+00,8.714650000000000452e-01,1.862225000000000108e+01,1.643309999999999945e+03,3.637851500000000233e+05
