Compression_ratio,Efficiency,Massflow,Omega,P
1.879866000000000037e+00,8.740449999999999608e-01,1.867960400000000121e+01,1.638809999999999945e+03,3.641252500000000000e+05
