Compression_ratio,Efficiency,Massflow,Omega,P
2.046577000000000091e+00,8.670909999999999451e-01,1.998010199999999870e+01,1.747890000000000100e+03,3.702828499999999767e+05
