Compression_ratio,Efficiency,Massflow,Omega,P
1.984302000000000010e+00,8.821219999999999617e-01,1.951469300000000118e+01,1.697130000000000109e+03,3.679200499999999884e+05
