Omega,P
1.728450000000000045e+03,3.753127500000000000e+05
