Compression_ratio,Efficiency,Massflow,Omega,P
1.908644000000000007e+00,8.787139999999999951e-01,1.880116100000000046e+01,1.647450000000000045e+03,3.675620499999999884e+05
