Compression_ratio,Efficiency,Massflow,Omega,P
1.957572000000000090e+00,8.640029999999999655e-01,1.903880799999999951e+01,1.685970000000000027e+03,3.720012500000000000e+05
