Compression_ratio,Efficiency,Massflow,Omega,P
2.008396999999999988e+00,8.797110000000000207e-01,1.943821300000000107e+01,1.696230000000000018e+03,3.739523499999999767e+05
