Compression_ratio,Efficiency,Massflow,Omega,P
1.884128999999999943e+00,8.730059999999999487e-01,1.845655599999999907e+01,1.628009999999999991e+03,3.694415499999999884e+05
