Compression_ratio,Efficiency,Massflow,Omega,P
1.916941999999999924e+00,8.796159999999999535e-01,1.868932900000000075e+01,1.654289999999999964e+03,3.710346500000000233e+05
