Compression_ratio,Efficiency,Massflow,Omega,P
1.995171000000000028e+00,8.834450000000000358e-01,1.984661900000000045e+01,1.730069999999999936e+03,3.634808499999999767e+05
