Compression_ratio,Efficiency,Massflow,Omega,P
2.020275999999999961e+00,8.762309999999999821e-01,1.973929400000000101e+01,1.724309999999999945e+03,3.701933499999999767e+05
