Compression_ratio,Efficiency,Massflow,Omega,P
1.964731999999999923e+00,8.720339999999999758e-01,1.966963799999999907e+01,1.706849999999999909e+03,3.612075499999999884e+05
