Compression_ratio,Efficiency,Massflow,Omega,P
1.888006999999999991e+00,8.774049999999999905e-01,1.869706299999999999e+01,1.635750000000000000e+03,3.655035499999999884e+05
