Compression_ratio,Efficiency,Massflow,Omega,P
1.868252999999999941e+00,8.693009999999999904e-01,1.869376099999999852e+01,1.636829999999999927e+03,3.617087500000000000e+05
