Compression_ratio,Efficiency,Massflow,Omega,P
1.920406999999999975e+00,8.725199999999999623e-01,1.917349199999999954e+01,1.665269999999999982e+03,3.624247500000000000e+05
