Compression_ratio,Efficiency,Massflow,Omega,P
1.910898999999999903e+00,8.707399999999999585e-01,1.863707199999999986e+01,1.648529999999999973e+03,3.710167500000000000e+05
