Compression_ratio,Efficiency,Massflow,Omega,P
1.990237000000000034e+00,8.744939999999999936e-01,1.943276300000000134e+01,1.694430000000000064e+03,3.705692500000000000e+05
