Omega,P
1.736549999999999955e+03,3.738807500000000000e+05
