Compression_ratio,Efficiency,Massflow,Omega,P
1.934482000000000035e+00,8.832520000000000371e-01,1.907397699999999929e+01,1.683269999999999982e+03,3.668818499999999767e+05
