Omega,P
1.783349999999999909e+03,3.685107500000000000e+05
