Compression_ratio,Efficiency,Massflow,Omega,P
2.050575999999999954e+00,8.565230000000000343e-01,1.997975399999999979e+01,1.767869999999999891e+03,3.706408499999999767e+05
