Compression_ratio,Efficiency,Massflow,Omega,P
1.956541000000000086e+00,8.745060000000000056e-01,1.950298700000000096e+01,1.685430000000000064e+03,3.627648499999999767e+05
