Compression_ratio,Efficiency,Massflow,Omega,P
2.010892999999999819e+00,8.681240000000000068e-01,2.013618400000000008e+01,1.749690000000000055e+03,3.607063499999999767e+05
