Compression_ratio,Efficiency,Massflow,Omega,P
2.040131000000000139e+00,8.631259999999999488e-01,2.008338600000000085e+01,1.752029999999999973e+03,3.670429500000000116e+05
