Omega,P
1.715849999999999909e+03,3.623352500000000000e+05
