Compression_ratio,Efficiency,Massflow,Omega,P
1.885864999999999903e+00,8.762550000000000061e-01,1.890391500000000136e+01,1.631970000000000027e+03,3.610285499999999884e+05
