Compression_ratio,Efficiency,Massflow,Omega,P
2.032843999999999873e+00,8.721759999999999513e-01,1.991410399999999825e+01,1.741410000000000082e+03,3.690298499999999767e+05
