Compression_ratio,Efficiency,Massflow,Omega,P
1.979197000000000095e+00,8.638280000000000403e-01,1.900947700000000040e+01,1.687230000000000018e+03,3.766194500000000116e+05
