Compression_ratio,Efficiency,Massflow,Omega,P
1.977292000000000050e+00,8.741569999999999618e-01,1.948108300000000170e+01,1.701809999999999945e+03,3.671682500000000000e+05
