Compression_ratio,Efficiency,Massflow,Omega,P
1.978725000000000067e+00,8.717399999999999594e-01,1.957915300000000158e+01,1.691009999999999991e+03,3.656288499999999767e+05
