Omega,P
1.739250000000000000e+03,3.732542500000000000e+05
