Compression_ratio,Efficiency,Massflow,Omega,P
1.992958999999999925e+00,8.656369999999999898e-01,1.920397399999999877e+01,1.689029999999999973e+03,3.755096500000000233e+05
