Compression_ratio,Efficiency,Massflow,Omega,P
1.977476000000000012e+00,8.841329999999999467e-01,1.929975500000000110e+01,1.697849999999999909e+03,3.704797500000000000e+05
