Compression_ratio,Efficiency,Massflow,Omega,P
2.066333999999999893e+00,8.514040000000000497e-01,2.007352699999999857e+01,1.788930000000000064e+03,3.715537500000000000e+05
