Compression_ratio,Efficiency,Massflow,Omega,P
1.931785000000000085e+00,8.770210000000000505e-01,1.902902800000000028e+01,1.659150000000000091e+03,3.672577500000000000e+05
