Omega,P
1.693349999999999909e+03,3.756707500000000000e+05
