Compression_ratio,Efficiency,Massflow,Omega,P
1.971139999999999892e+00,8.895969999999999711e-01,1.973955099999999874e+01,1.702529999999999973e+03,3.611001500000000233e+05
