Compression_ratio,Efficiency,Massflow,Omega,P
1.970156999999999936e+00,8.819240000000000412e-01,1.969924500000000123e+01,1.701089999999999918e+03,3.616550499999999884e+05
