Compression_ratio,Efficiency,Massflow,Omega,P
1.993665999999999938e+00,8.782569999999999544e-01,2.007526199999999861e+01,1.735829999999999927e+03,3.590774500000000116e+05
