Compression_ratio,Efficiency,Massflow,Omega,P
2.056953000000000031e+00,8.682729999999999615e-01,2.031465999999999994e+01,1.781910000000000082e+03,3.657720499999999884e+05
