Compression_ratio,Efficiency,Massflow,Omega,P
1.992714000000000096e+00,8.594380000000000353e-01,1.913464400000000154e+01,1.707750000000000000e+03,3.766910499999999884e+05
