Compression_ratio,Efficiency,Massflow,Omega,P
1.992909000000000042e+00,8.625270000000000437e-01,1.915863500000000030e+01,1.708289999999999964e+03,3.763509500000000116e+05
