Compression_ratio,Efficiency,Massflow,Omega,P
2.032086000000000059e+00,8.735810000000000519e-01,2.004574799999999968e+01,1.763549999999999955e+03,3.662195499999999884e+05
