Omega,P
1.663650000000000091e+03,3.680632500000000000e+05
