Compression_ratio,Efficiency,Massflow,Omega,P
2.020688999999999957e+00,8.707949999999999857e-01,1.989246400000000037e+01,1.739789999999999964e+03,3.671503499999999767e+05
