Compression_ratio,Efficiency,Massflow,Omega,P
2.024830000000000130e+00,8.683610000000000495e-01,2.016188400000000058e+01,1.775609999999999900e+03,3.624963499999999767e+05
