Compression_ratio,Efficiency,Massflow,Omega,P
1.861580000000000013e+00,8.756869999999999932e-01,1.860012499999999847e+01,1.627829999999999927e+03,3.622636500000000233e+05
