Compression_ratio,Efficiency,Massflow,Omega,P
1.991427000000000058e+00,8.742119999999999891e-01,1.954070499999999910e+01,1.701990000000000009e+03,3.685644500000000116e+05
