Compression_ratio,Efficiency,Massflow,Omega,P
2.033166000000000029e+00,8.631560000000000343e-01,2.014246100000000084e+01,1.758329999999999927e+03,3.645727500000000000e+05
