Compression_ratio,Efficiency,Massflow,Omega,P
1.960849999999999982e+00,8.909120000000000372e-01,1.946161100000000133e+01,1.685250000000000000e+03,3.644474500000000116e+05
