Omega,P
1.678950000000000045e+03,3.750442500000000000e+05
