Compression_ratio,Efficiency,Massflow,Omega,P
2.072808000000000206e+00,8.646380000000000177e-01,2.024206200000000067e+01,1.773630000000000109e+03,3.700680499999999884e+05
