Compression_ratio,Efficiency,Massflow,Omega,P
2.064958999999999989e+00,8.556089999999999529e-01,2.022428199999999876e+01,1.790369999999999891e+03,3.686718499999999767e+05
