Omega,P
1.742849999999999909e+03,3.667207500000000000e+05
