Compression_ratio,Efficiency,Massflow,Omega,P
1.990096000000000087e+00,8.725169999999999870e-01,1.966387699999999938e+01,1.700730000000000018e+03,3.661300499999999884e+05
