Compression_ratio,Efficiency,Massflow,Omega,P
2.091676999999999786e+00,8.607900000000000551e-01,2.018193899999999985e+01,1.778670000000000073e+03,3.745072500000000000e+05
