Compression_ratio,Efficiency,Massflow,Omega,P
2.017605000000000093e+00,8.726800000000000113e-01,1.943941500000000033e+01,1.724849999999999909e+03,3.752590499999999884e+05
