Compression_ratio,Efficiency,Massflow,Omega,P
2.072623999999999800e+00,8.567949999999999733e-01,2.004161099999999962e+01,1.765890000000000100e+03,3.734511500000000233e+05
