Compression_ratio,Efficiency,Massflow,Omega,P
1.899696999999999969e+00,8.708820000000000450e-01,1.838404900000000097e+01,1.641329999999999927e+03,3.739702500000000000e+05
