Compression_ratio,Efficiency,Massflow,Omega,P
2.011706999999999912e+00,8.722609999999999530e-01,1.944258200000000159e+01,1.712970000000000027e+03,3.742924500000000116e+05
