Compression_ratio,Efficiency,Massflow,Omega,P
2.106953999999999994e+00,8.566460000000000186e-01,2.026787500000000009e+01,1.790549999999999955e+03,3.754380499999999884e+05
