Compression_ratio,Efficiency,Massflow,Omega,P
1.988196999999999992e+00,8.739930000000000199e-01,1.980225799999999836e+01,1.716210000000000036e+03,3.629438499999999767e+05
