Compression_ratio,Efficiency,Massflow,Omega,P
2.047778000000000098e+00,8.737390000000000434e-01,1.978557999999999950e+01,1.738710000000000036e+03,3.743998499999999767e+05
