Omega,P
1.790549999999999955e+03,3.711062500000000000e+05
