Compression_ratio,Efficiency,Massflow,Omega,P
2.034715999999999969e+00,8.629820000000000269e-01,2.023373799999999889e+01,1.760670000000000073e+03,3.633913499999999767e+05
