Compression_ratio,Efficiency,Massflow,Omega,P
1.879467999999999916e+00,8.804440000000000044e-01,1.865345900000000157e+01,1.632509999999999991e+03,3.647696500000000233e+05
