Omega,P
1.707750000000000000e+03,3.634987500000000000e+05
