Compression_ratio,Efficiency,Massflow,Omega,P
1.915793000000000079e+00,8.790839999999999765e-01,1.881356800000000007e+01,1.659869999999999891e+03,3.684212500000000000e+05
