Compression_ratio,Efficiency,Massflow,Omega,P
2.058570000000000011e+00,8.654749999999999943e-01,1.979657900000000126e+01,1.738349999999999909e+03,3.759929500000000116e+05
