Compression_ratio,Efficiency,Massflow,Omega,P
1.956483999999999890e+00,8.618670000000000497e-01,1.886300400000000010e+01,1.673910000000000082e+03,3.754022500000000000e+05
