Compression_ratio,Efficiency,Massflow,Omega,P
2.053424000000000138e+00,8.673199999999999799e-01,1.985356099999999913e+01,1.750230000000000018e+03,3.737733499999999767e+05
