Compression_ratio,Efficiency,Massflow,Omega,P
1.930185000000000040e+00,8.845579999999999554e-01,1.940223599999999848e+01,1.677150000000000091e+03,3.596681500000000233e+05
