Compression_ratio,Efficiency,Massflow,Omega,P
1.927278999999999964e+00,8.836889999999999468e-01,1.941777599999999993e+01,1.673369999999999891e+03,3.589521500000000233e+05
