Compression_ratio,Efficiency,Massflow,Omega,P
1.899785999999999975e+00,8.718099999999999739e-01,1.851730500000000035e+01,1.640970000000000027e+03,3.713210499999999884e+05
