Omega,P
1.690650000000000091e+03,3.673472500000000000e+05
