Compression_ratio,Efficiency,Massflow,Omega,P
1.983017999999999947e+00,8.835089999999999888e-01,1.974169499999999999e+01,1.705230000000000018e+03,3.633555499999999884e+05
