Compression_ratio,Efficiency,Massflow,Omega,P
2.050956999999999919e+00,8.772010000000000085e-01,1.985469700000000159e+01,1.740869999999999891e+03,3.735048499999999767e+05
