Compression_ratio,Efficiency,Massflow,Omega,P
2.021706000000000003e+00,8.763039999999999718e-01,1.981298999999999921e+01,1.722329999999999927e+03,3.691014500000000116e+05
