Compression_ratio,Efficiency,Massflow,Omega,P
1.896274000000000015e+00,8.634939999999999838e-01,1.842165599999999870e+01,1.639529999999999973e+03,3.726277500000000000e+05
