Compression_ratio,Efficiency,Massflow,Omega,P
2.018009000000000164e+00,8.618719999999999715e-01,2.019707400000000064e+01,1.756170000000000073e+03,3.608316500000000233e+05
