Omega,P
1.741049999999999955e+03,3.648412500000000000e+05
