Compression_ratio,Efficiency,Massflow,Omega,P
1.937645999999999979e+00,8.705239999999999645e-01,1.913842899999999858e+01,1.667609999999999900e+03,3.664522500000000000e+05
