Compression_ratio,Efficiency,Massflow,Omega,P
1.860287000000000024e+00,8.774939999999999962e-01,1.872543800000000047e+01,1.631069999999999936e+03,3.595070499999999884e+05
