Compression_ratio,Efficiency,Massflow,Omega,P
2.061954000000000065e+00,8.463619999999999477e-01,2.038390700000000066e+01,1.793069999999999936e+03,3.651276500000000233e+05
