Compression_ratio,Efficiency,Massflow,Omega,P
1.892587000000000019e+00,8.657049999999999468e-01,1.863179900000000089e+01,1.651589999999999918e+03,3.675262500000000000e+05
