Compression_ratio,Efficiency,Massflow,Omega,P
2.012786999999999882e+00,8.772259999999999502e-01,1.984376200000000168e+01,1.713869999999999891e+03,3.667207500000000000e+05
