Compression_ratio,Efficiency,Massflow,Omega,P
2.044920999999999989e+00,8.778820000000000512e-01,1.999274099999999876e+01,1.747349999999999909e+03,3.698174500000000116e+05
