Omega,P
1.643849999999999909e+03,3.652887500000000000e+05
