Compression_ratio,Efficiency,Massflow,Omega,P
1.947727999999999904e+00,8.799320000000000475e-01,1.915687700000000149e+01,1.679849999999999909e+03,3.676694500000000116e+05
