Omega,P
1.694250000000000000e+03,3.646622500000000000e+05
