Compression_ratio,Efficiency,Massflow,Omega,P
1.902203000000000088e+00,8.636859999999999538e-01,1.830671900000000107e+01,1.644210000000000036e+03,3.760287500000000000e+05
