Compression_ratio,Efficiency,Massflow,Omega,P
2.025901000000000174e+00,8.728519999999999612e-01,1.955898200000000031e+01,1.723410000000000082e+03,3.748294500000000116e+05
