Compression_ratio,Efficiency,Massflow,Omega,P
1.948015999999999970e+00,8.728470000000000395e-01,1.899009300000000167e+01,1.677329999999999927e+03,3.713031500000000233e+05
