Compression_ratio,Efficiency,Massflow,Omega,P
2.085312000000000054e+00,8.514720000000000066e-01,2.014836199999999877e+01,1.797930000000000064e+03,3.735943499999999767e+05
