Omega,P
1.711349999999999909e+03,3.730752500000000000e+05
