Compression_ratio,Efficiency,Massflow,Omega,P
1.887755000000000072e+00,8.705060000000000020e-01,1.818785799999999853e+01,1.623509999999999991e+03,3.758139500000000116e+05
