Compression_ratio,Efficiency,Massflow,Omega,P
1.991298999999999930e+00,8.770019999999999483e-01,2.002929699999999968e+01,1.715309999999999945e+03,3.595428499999999767e+05
