Compression_ratio,Efficiency,Massflow,Omega,P
1.941408000000000023e+00,8.746049999999999658e-01,1.916948500000000166e+01,1.681829999999999927e+03,3.662016500000000233e+05
