Compression_ratio,Efficiency,Massflow,Omega,P
1.906751000000000085e+00,8.756690000000000307e-01,1.863208600000000104e+01,1.643130000000000109e+03,3.705155499999999884e+05
