Compression_ratio,Efficiency,Massflow,Omega,P
1.988439000000000068e+00,8.766040000000000498e-01,1.945158699999999996e+01,1.699470000000000027e+03,3.698890499999999884e+05
