Compression_ratio,Efficiency,Massflow,Omega,P
2.063270000000000159e+00,8.538590000000000346e-01,2.004419899999999899e+01,1.771289999999999964e+03,3.718401500000000233e+05
