Compression_ratio,Efficiency,Massflow,Omega,P
1.955554000000000014e+00,8.769719999999999738e-01,1.899989000000000061e+01,1.664549999999999955e+03,3.725382500000000000e+05
