Compression_ratio,Efficiency,Massflow,Omega,P
2.078046000000000060e+00,8.606650000000000134e-01,2.062472400000000050e+01,1.795950000000000045e+03,3.638388499999999767e+05
