Omega,P
1.657349999999999909e+03,3.727172500000000000e+05
