Compression_ratio,Efficiency,Massflow,Omega,P
1.946563999999999961e+00,8.815530000000000310e-01,1.961092000000000013e+01,1.678230000000000018e+03,3.591132500000000000e+05
