Compression_ratio,Efficiency,Massflow,Omega,P
1.964409999999999989e+00,8.779909999999999659e-01,1.896451400000000120e+01,1.681109999999999900e+03,3.747936500000000233e+05
