Compression_ratio,Efficiency,Massflow,Omega,P
1.871472000000000024e+00,8.854919999999999458e-01,1.867505200000000087e+01,1.628730000000000018e+03,3.628006500000000233e+05
