Omega,P
1.664549999999999955e+03,3.617087500000000000e+05
