Omega,P
1.662750000000000000e+03,3.731647500000000000e+05
