Compression_ratio,Efficiency,Massflow,Omega,P
2.042642999999999986e+00,8.732980000000000187e-01,1.971005299999999849e+01,1.728630000000000109e+03,3.748473499999999767e+05
