Compression_ratio,Efficiency,Massflow,Omega,P
1.937275000000000080e+00,8.711349999999999927e-01,1.884595500000000001e+01,1.660769999999999982e+03,3.721444500000000116e+05
