Compression_ratio,Efficiency,Massflow,Omega,P
1.985851000000000033e+00,8.680729999999999835e-01,1.920716499999999982e+01,1.692990000000000009e+03,3.740955499999999884e+05
