Compression_ratio,Efficiency,Massflow,Omega,P
1.964850999999999903e+00,8.694969999999999644e-01,1.921797300000000064e+01,1.690289999999999964e+03,3.696742500000000000e+05
