Compression_ratio,Efficiency,Massflow,Omega,P
1.975027000000000088e+00,8.772670000000000190e-01,1.934902800000000056e+01,1.693890000000000100e+03,3.692088499999999767e+05
