Compression_ratio,Efficiency,Massflow,Omega,P
1.900376000000000065e+00,8.831120000000000081e-01,1.877252899999999869e+01,1.648710000000000036e+03,3.664880499999999884e+05
