Compression_ratio,Efficiency,Massflow,Omega,P
2.021176999999999779e+00,8.591050000000000075e-01,1.998640299999999925e+01,1.748970000000000027e+03,3.652887500000000000e+05
