Omega,P
1.723049999999999955e+03,3.700322500000000000e+05
