Compression_ratio,Efficiency,Massflow,Omega,P
2.067896000000000178e+00,8.691999999999999726e-01,1.995016100000000137e+01,1.749329999999999927e+03,3.748115499999999884e+05
