Compression_ratio,Efficiency,Massflow,Omega,P
1.985473000000000043e+00,8.798030000000000017e-01,1.923523399999999839e+01,1.686869999999999891e+03,3.735585499999999884e+05
