Compression_ratio,Efficiency,Massflow,Omega,P
2.027601000000000209e+00,8.635070000000000245e-01,2.022597899999999882e+01,1.753109999999999900e+03,3.620130499999999884e+05
