Omega,P
1.646549999999999955e+03,3.679737500000000000e+05
