Compression_ratio,Efficiency,Massflow,Omega,P
2.083607000000000209e+00,8.626599999999999824e-01,2.002700600000000009e+01,1.765710000000000036e+03,3.759750499999999884e+05
