Compression_ratio,Efficiency,Massflow,Omega,P
1.984134999999999982e+00,8.830289999999999528e-01,1.960770700000000133e+01,1.706130000000000109e+03,3.660584500000000116e+05
