Compression_ratio,Efficiency,Massflow,Omega,P
1.942221999999999893e+00,8.816089999999999760e-01,1.904863699999999938e+01,1.657890000000000100e+03,3.688687500000000000e+05
