Compression_ratio,Efficiency,Massflow,Omega,P
2.006467999999999918e+00,8.633170000000000011e-01,1.954045199999999838e+01,1.727549999999999955e+03,3.712315499999999884e+05
