Compression_ratio,Efficiency,Massflow,Omega,P
1.881289999999999907e+00,8.752499999999999725e-01,1.827681000000000111e+01,1.627289999999999964e+03,3.726814500000000116e+05
