Compression_ratio,Efficiency,Massflow,Omega,P
1.878751999999999978e+00,8.809559999999999613e-01,1.871809400000000068e+01,1.620990000000000009e+03,3.634271500000000233e+05
