Omega,P
1.720349999999999909e+03,3.602767500000000000e+05
