Compression_ratio,Efficiency,Massflow,Omega,P
1.938423999999999925e+00,8.700909999999999478e-01,1.890750699999999895e+01,1.680210000000000036e+03,3.708735499999999884e+05
