Compression_ratio,Efficiency,Massflow,Omega,P
1.950757000000000074e+00,8.700860000000000261e-01,1.891081000000000145e+01,1.687589999999999918e+03,3.731468499999999767e+05
