Omega,P
1.675349999999999909e+03,3.592922500000000000e+05
