Compression_ratio,Efficiency,Massflow,Omega,P
1.998718999999999912e+00,8.811449999999999561e-01,1.953064499999999981e+01,1.704869999999999891e+03,3.701396500000000233e+05
