Compression_ratio,Efficiency,Massflow,Omega,P
1.968056000000000028e+00,8.661609999999999587e-01,1.919825099999999907e+01,1.683630000000000109e+03,3.708377500000000000e+05
