Compression_ratio,Efficiency,Massflow,Omega,P
1.886039000000000021e+00,8.776249999999999885e-01,1.894077199999999905e+01,1.643670000000000073e+03,3.602767500000000000e+05
