Compression_ratio,Efficiency,Massflow,Omega,P
2.008236999999999828e+00,8.683079999999999687e-01,1.961139800000000122e+01,1.710990000000000009e+03,3.704618499999999767e+05
