Compression_ratio,Efficiency,Massflow,Omega,P
1.961238000000000037e+00,8.667139999999999844e-01,1.888883500000000026e+01,1.673730000000000018e+03,3.757244500000000116e+05
