Compression_ratio,Efficiency,Massflow,Omega,P
1.973686000000000051e+00,8.735260000000000247e-01,1.974126599999999954e+01,1.702710000000000036e+03,3.614939500000000116e+05
