Compression_ratio,Efficiency,Massflow,Omega,P
2.052815999999999974e+00,8.701980000000000270e-01,2.060688899999999890e+01,1.793789999999999964e+03,3.597039500000000116e+05
