Compression_ratio,Efficiency,Massflow,Omega,P
2.025694000000000106e+00,8.689940000000000442e-01,1.989306900000000056e+01,1.736009999999999991e+03,3.681885499999999884e+05
