Omega,P
1.748250000000000000e+03,3.676157500000000000e+05
