Compression_ratio,Efficiency,Massflow,Omega,P
2.002759000000000178e+00,8.761130000000000306e-01,2.008041000000000054e+01,1.730789999999999964e+03,3.605810499999999884e+05
