Compression_ratio,Efficiency,Massflow,Omega,P
1.892303000000000068e+00,8.869650000000000034e-01,1.898844800000000177e+01,1.642769999999999982e+03,3.607242500000000000e+05
