Compression_ratio,Efficiency,Massflow,Omega,P
2.025678000000000090e+00,8.660290000000000488e-01,1.980603400000000036e+01,1.732589999999999918e+03,3.699427500000000000e+05
