Compression_ratio,Efficiency,Massflow,Omega,P
2.013625000000000220e+00,8.694100000000000161e-01,2.009070900000000037e+01,1.756529999999999973e+03,3.621025499999999884e+05
