Omega,P
1.682549999999999955e+03,3.703007500000000000e+05
