Compression_ratio,Efficiency,Massflow,Omega,P
1.882471000000000005e+00,8.665680000000000049e-01,1.853406199999999870e+01,1.651230000000000018e+03,3.676873499999999767e+05
