Compression_ratio,Efficiency,Massflow,Omega,P
1.841299000000000019e+00,8.841130000000000377e-01,1.849727299999999985e+01,1.620450000000000045e+03,3.603483499999999767e+05
