Compression_ratio,Efficiency,Massflow,Omega,P
2.029415999999999887e+00,8.543990000000000196e-01,2.037995700000000099e+01,1.781190000000000055e+03,3.594712500000000000e+05
