Omega,P
1.634849999999999909e+03,3.687792500000000000e+05
