Compression_ratio,Efficiency,Massflow,Omega,P
2.052477999999999803e+00,8.651569999999999538e-01,2.048556800000000067e+01,1.780109999999999900e+03,3.619951500000000233e+05
