Compression_ratio,Efficiency,Massflow,Omega,P
1.994755000000000056e+00,8.630609999999999671e-01,1.926670700000000025e+01,1.704329999999999927e+03,3.746325499999999884e+05
