Compression_ratio,Efficiency,Massflow,Omega,P
2.036159000000000052e+00,8.729230000000000045e-01,2.018825800000000115e+01,1.735650000000000091e+03,3.646622500000000000e+05
