Compression_ratio,Efficiency,Massflow,Omega,P
2.072776000000000174e+00,8.532960000000000544e-01,2.024872500000000031e+01,1.798829999999999927e+03,3.696563499999999767e+05
