Compression_ratio,Efficiency,Massflow,Omega,P
2.037596000000000185e+00,8.591039999999999788e-01,2.033002199999999959e+01,1.794690000000000055e+03,3.617982500000000000e+05
