Omega,P
1.777950000000000045e+03,3.607242500000000000e+05
