Compression_ratio,Efficiency,Massflow,Omega,P
2.054793999999999787e+00,8.606679999999999886e-01,2.050687800000000038e+01,1.799549999999999955e+03,3.616192500000000000e+05
