Compression_ratio,Efficiency,Massflow,Omega,P
1.883394000000000013e+00,8.652269999999999683e-01,1.816307400000000172e+01,1.621170000000000073e+03,3.753664500000000116e+05
