Omega,P
1.702349999999999909e+03,3.593817500000000000e+05
