Compression_ratio,Efficiency,Massflow,Omega,P
2.114151000000000113e+00,8.644579999999999487e-01,2.035009900000000016e+01,1.799009999999999991e+03,3.751516500000000233e+05
