Compression_ratio,Efficiency,Massflow,Omega,P
1.950423999999999936e+00,8.641870000000000385e-01,1.903707400000000050e+01,1.663289999999999964e+03,3.707840499999999884e+05
