Omega,P
1.650150000000000091e+03,3.714642500000000000e+05
