Compression_ratio,Efficiency,Massflow,Omega,P
2.053313999999999862e+00,8.578440000000000509e-01,2.005751499999999865e+01,1.774890000000000100e+03,3.697816500000000233e+05
