Compression_ratio,Efficiency,Massflow,Omega,P
1.958369999999999944e+00,8.679230000000000000e-01,1.933051000000000030e+01,1.682009999999999991e+03,3.665775499999999884e+05
