Compression_ratio,Efficiency,Massflow,Omega,P
2.015705000000000080e+00,8.776410000000000045e-01,2.011180399999999935e+01,1.746089999999999918e+03,3.618519500000000116e+05
