Compression_ratio,Efficiency,Massflow,Omega,P
2.081551999999999847e+00,8.588799999999999768e-01,2.012065600000000032e+01,1.775789999999999964e+03,3.737017500000000000e+05
