Compression_ratio,Efficiency,Massflow,Omega,P
1.884489000000000081e+00,8.728479999999999572e-01,1.818634499999999932e+01,1.629630000000000109e+03,3.749905499999999884e+05
