Omega,P
1.793250000000000000e+03,3.600082500000000000e+05
