Compression_ratio,Efficiency,Massflow,Omega,P
2.027441000000000049e+00,8.822609999999999619e-01,1.964143599999999878e+01,1.727190000000000055e+03,3.733079500000000116e+05
