Compression_ratio,Efficiency,Massflow,Omega,P
2.019232000000000138e+00,8.754269999999999552e-01,1.995562100000000072e+01,1.737990000000000009e+03,3.654319500000000116e+05
