Compression_ratio,Efficiency,Massflow,Omega,P
2.068302000000000085e+00,8.632980000000000098e-01,2.027017000000000024e+01,1.769490000000000009e+03,3.688329500000000116e+05
