Compression_ratio,Efficiency,Massflow,Omega,P
1.898261999999999894e+00,8.665460000000000385e-01,1.848197199999999896e+01,1.637549999999999955e+03,3.717685499999999884e+05
