Compression_ratio,Efficiency,Massflow,Omega,P
1.896252999999999966e+00,8.781349999999999989e-01,1.899270500000000084e+01,1.640069999999999936e+03,3.613686500000000233e+05
