Compression_ratio,Efficiency,Massflow,Omega,P
2.027826000000000128e+00,8.641189999999999705e-01,2.019546700000000072e+01,1.777950000000000045e+03,3.624605499999999884e+05
