Compression_ratio,Efficiency,Massflow,Omega,P
2.051601999999999926e+00,8.799339999999999939e-01,1.996919000000000111e+01,1.750589999999999918e+03,3.715000499999999884e+05
