Compression_ratio,Efficiency,Massflow,Omega,P
2.004230999999999874e+00,8.811940000000000328e-01,2.000401499999999899e+01,1.737630000000000109e+03,3.621741500000000233e+05
