Compression_ratio,Efficiency,Massflow,Omega,P
2.056359000000000048e+00,8.608400000000000496e-01,2.015765800000000141e+01,1.771109999999999900e+03,3.686539500000000116e+05
