Compression_ratio,Efficiency,Massflow,Omega,P
1.993811000000000000e+00,8.577919999999999989e-01,2.006359799999999893e+01,1.761210000000000036e+03,3.588447500000000000e+05
