Compression_ratio,Efficiency,Massflow,Omega,P
1.963494999999999990e+00,8.788899999999999491e-01,1.967515300000000167e+01,1.699650000000000091e+03,3.611359500000000116e+05
