Compression_ratio,Efficiency,Massflow,Omega,P
2.052124000000000059e+00,8.622600000000000264e-01,1.992413900000000027e+01,1.763730000000000018e+03,3.721802500000000000e+05
