Compression_ratio,Efficiency,Massflow,Omega,P
1.933975999999999917e+00,8.792250000000000343e-01,1.885285999999999973e+01,1.661670000000000073e+03,3.712673499999999767e+05
