Compression_ratio,Efficiency,Massflow,Omega,P
2.028992999999999824e+00,8.751189999999999802e-01,2.011365199999999831e+01,1.752930000000000064e+03,3.645190499999999884e+05
