Compression_ratio,Efficiency,Massflow,Omega,P
1.911485000000000101e+00,8.758789999999999631e-01,1.919955099999999959e+01,1.660589999999999918e+03,3.601335499999999884e+05
