Compression_ratio,Efficiency,Massflow,Omega,P
1.988081999999999905e+00,8.699980000000000491e-01,1.996262899999999973e+01,1.753650000000000091e+03,3.597576500000000233e+05
