Compression_ratio,Efficiency,Massflow,Omega,P
2.060624999999999929e+00,8.646310000000000384e-01,2.042266400000000104e+01,1.783890000000000100e+03,3.644295499999999884e+05
