Compression_ratio,Efficiency,Massflow,Omega,P
2.050375999999999976e+00,8.671550000000000091e-01,2.026433799999999863e+01,1.781009999999999991e+03,3.653066500000000233e+05
