Compression_ratio,Efficiency,Massflow,Omega,P
2.005673999999999957e+00,8.722539999999999738e-01,1.948494200000000021e+01,1.713150000000000091e+03,3.724666500000000233e+05
