Omega,P
1.751849999999999909e+03,3.740597500000000000e+05
