Compression_ratio,Efficiency,Massflow,Omega,P
2.044102000000000086e+00,8.661240000000000050e-01,2.047592399999999913e+01,1.788210000000000036e+03,3.604020499999999884e+05
