Compression_ratio,Efficiency,Massflow,Omega,P
2.025150000000000006e+00,8.661830000000000362e-01,1.981474899999999906e+01,1.720349999999999909e+03,3.696026500000000233e+05
