Compression_ratio,Efficiency,Massflow,Omega,P
2.012970999999999844e+00,8.662009999999999987e-01,1.955489299999999986e+01,1.714950000000000045e+03,3.723234500000000116e+05
