Omega,P
1.716750000000000000e+03,3.710167500000000000e+05
