Compression_ratio,Efficiency,Massflow,Omega,P
1.902665999999999968e+00,8.527590000000000447e-01,1.841089399999999898e+01,1.649069999999999936e+03,3.740239500000000116e+05
