Omega,P
1.734750000000000000e+03,3.629617500000000000e+05
