Compression_ratio,Efficiency,Massflow,Omega,P
2.004589000000000176e+00,8.763159999999999838e-01,1.979191799999999901e+01,1.719809999999999945e+03,3.663448499999999767e+05
