Compression_ratio,Efficiency,Massflow,Omega,P
2.001554000000000055e+00,8.675279999999999658e-01,1.934168400000000076e+01,1.703609999999999900e+03,3.742029500000000116e+05
