Compression_ratio,Efficiency,Massflow,Omega,P
1.977381000000000055e+00,8.605969999999999454e-01,1.938236799999999960e+01,1.701630000000000109e+03,3.691193499999999767e+05
