Compression_ratio,Efficiency,Massflow,Omega,P
1.991932999999999954e+00,8.780360000000000387e-01,1.980672399999999911e+01,1.723049999999999955e+03,3.635882500000000000e+05
