Compression_ratio,Efficiency,Massflow,Omega,P
2.100508000000000042e+00,8.487059999999999604e-01,2.013171699999999831e+01,1.799369999999999891e+03,3.765299500000000116e+05
