Omega,P
1.733849999999999909e+03,3.675262500000000000e+05
