Compression_ratio,Efficiency,Massflow,Omega,P
1.905995000000000106e+00,8.727669999999999595e-01,1.869565700000000064e+01,1.654650000000000091e+03,3.689045499999999884e+05
