Compression_ratio,Efficiency,Massflow,Omega,P
2.027674999999999894e+00,8.790580000000000060e-01,1.987707299999999933e+01,1.722869999999999891e+03,3.689582500000000000e+05
