Compression_ratio,Efficiency,Massflow,Omega,P
1.955759000000000025e+00,8.647200000000000442e-01,1.907329899999999867e+01,1.683089999999999918e+03,3.709272500000000000e+05
