Compression_ratio,Efficiency,Massflow,Omega,P
1.879428000000000099e+00,8.893760000000000554e-01,1.893398499999999984e+01,1.628549999999999955e+03,3.592922500000000000e+05
