Compression_ratio,Efficiency,Massflow,Omega,P
2.058523000000000103e+00,8.519210000000000393e-01,2.005539900000000131e+01,1.779390000000000100e+03,3.704260499999999884e+05
