Compression_ratio,Efficiency,Massflow,Omega,P
2.060146000000000033e+00,8.536759999999999904e-01,1.980632200000000154e+01,1.762650000000000091e+03,3.759034500000000116e+05
