Compression_ratio,Efficiency,Massflow,Omega,P
2.044683000000000028e+00,8.661569999999999547e-01,1.973215000000000074e+01,1.737269999999999982e+03,3.744177500000000000e+05
