Compression_ratio,Efficiency,Massflow,Omega,P
2.009320000000000217e+00,8.638259999999999827e-01,1.973914299999999855e+01,1.733490000000000009e+03,3.680453499999999767e+05
