Compression_ratio,Efficiency,Massflow,Omega,P
1.911443000000000003e+00,8.715669999999999806e-01,1.904264900000000083e+01,1.665450000000000045e+03,3.632660499999999884e+05
