Compression_ratio,Efficiency,Massflow,Omega,P
1.886446000000000067e+00,8.741470000000000073e-01,1.887024800000000013e+01,1.645289999999999964e+03,3.618877500000000000e+05
