Omega,P
1.692450000000000045e+03,3.656467500000000000e+05
