Compression_ratio,Efficiency,Massflow,Omega,P
1.885113000000000039e+00,8.776829999999999909e-01,1.860510400000000075e+01,1.639710000000000036e+03,3.666670499999999884e+05
