Compression_ratio,Efficiency,Massflow,Omega,P
1.977632999999999974e+00,8.693589999999999929e-01,1.900024099999999905e+01,1.681650000000000091e+03,3.766731500000000233e+05
