Omega,P
1.658250000000000000e+03,3.620667500000000000e+05
