Compression_ratio,Efficiency,Massflow,Omega,P
1.971910999999999969e+00,8.881510000000000238e-01,1.954923300000000097e+01,1.694069999999999936e+03,3.649844500000000116e+05
