Compression_ratio,Efficiency,Massflow,Omega,P
2.003265999999999991e+00,8.754589999999999872e-01,1.985695499999999925e+01,1.721789999999999964e+03,3.647159500000000116e+05
