Compression_ratio,Efficiency,Massflow,Omega,P
1.864335000000000075e+00,8.692720000000000447e-01,1.869640599999999964e+01,1.627470000000000027e+03,3.607600499999999884e+05
