Compression_ratio,Efficiency,Massflow,Omega,P
1.909413000000000027e+00,8.732779999999999987e-01,1.872971499999999878e+01,1.642049999999999955e+03,3.690477500000000000e+05
