Compression_ratio,Efficiency,Massflow,Omega,P
1.982704999999999940e+00,8.645059999999999967e-01,1.920646599999999893e+01,1.696410000000000082e+03,3.736480499999999884e+05
