Compression_ratio,Efficiency,Massflow,Omega,P
2.031012000000000040e+00,8.686899999999999622e-01,1.991368399999999994e+01,1.737450000000000045e+03,3.687076500000000233e+05
