Compression_ratio,Efficiency,Massflow,Omega,P
1.956331000000000042e+00,8.800510000000000277e-01,1.964561799999999891e+01,1.692630000000000109e+03,3.601872500000000000e+05
