Compression_ratio,Efficiency,Massflow,Omega,P
1.882376000000000049e+00,8.817519999999999802e-01,1.895786999999999978e+01,1.640609999999999900e+03,3.594354500000000116e+05
