Compression_ratio,Efficiency,Massflow,Omega,P
2.053932999999999787e+00,8.629480000000000484e-01,2.043211300000000108e+01,1.791630000000000109e+03,3.627469500000000116e+05
