Omega,P
1.665450000000000045e+03,3.677947500000000000e+05
