Compression_ratio,Efficiency,Massflow,Omega,P
1.977432999999999996e+00,8.710040000000000004e-01,1.908420999999999879e+01,1.674990000000000009e+03,3.750084500000000116e+05
