Compression_ratio,Efficiency,Massflow,Omega,P
1.935820000000000096e+00,8.817209999999999770e-01,1.935786699999999882e+01,1.675529999999999973e+03,3.617624500000000116e+05
