Compression_ratio,Efficiency,Massflow,Omega,P
1.875780000000000003e+00,8.668510000000000382e-01,1.850386999999999915e+01,1.635210000000000036e+03,3.668281500000000233e+05
