Compression_ratio,Efficiency,Massflow,Omega,P
1.885242000000000084e+00,8.690039999999999987e-01,1.858288100000000043e+01,1.638450000000000045e+03,3.670787500000000000e+05
