Compression_ratio,Efficiency,Massflow,Omega,P
1.961986000000000008e+00,8.702039999999999775e-01,1.934733900000000162e+01,1.678410000000000082e+03,3.669355499999999884e+05
