Compression_ratio,Efficiency,Massflow,Omega,P
1.869005000000000027e+00,8.863860000000000072e-01,1.872714399999999912e+01,1.625130000000000109e+03,3.612254500000000116e+05
