Compression_ratio,Efficiency,Massflow,Omega,P
2.076042999999999861e+00,8.728249999999999620e-01,1.996912599999999927e+01,1.755089999999999918e+03,3.758676500000000233e+05
