Compression_ratio,Efficiency,Massflow,Omega,P
2.000077999999999800e+00,8.779930000000000234e-01,2.006804400000000044e+01,1.736190000000000055e+03,3.600798499999999767e+05
