Compression_ratio,Efficiency,Massflow,Omega,P
1.927936000000000094e+00,8.813210000000000210e-01,1.923982300000000123e+01,1.665089999999999918e+03,3.625500499999999884e+05
