Omega,P
1.749150000000000091e+03,3.712852500000000000e+05
