Compression_ratio,Efficiency,Massflow,Omega,P
1.934317999999999982e+00,8.735180000000000167e-01,1.894802999999999926e+01,1.672470000000000027e+03,3.694236500000000233e+05
