Omega,P
1.671750000000000000e+03,3.622457500000000000e+05
