Compression_ratio,Efficiency,Massflow,Omega,P
1.916161000000000003e+00,8.780719999999999636e-01,1.879887099999999833e+01,1.647630000000000109e+03,3.690656500000000233e+05
