Compression_ratio,Efficiency,Massflow,Omega,P
2.010168000000000177e+00,8.814910000000000245e-01,2.001804800000000029e+01,1.720170000000000073e+03,3.630333499999999767e+05
