Omega,P
1.704150000000000091e+03,3.745967500000000000e+05
