Compression_ratio,Efficiency,Massflow,Omega,P
1.918971999999999900e+00,8.783950000000000369e-01,1.868304300000000140e+01,1.640250000000000000e+03,3.717506500000000233e+05
