Compression_ratio,Efficiency,Massflow,Omega,P
2.007690000000000197e+00,8.757789999999999742e-01,2.013480600000000109e+01,1.745549999999999955e+03,3.603125499999999884e+05
