Compression_ratio,Efficiency,Massflow,Omega,P
2.041151999999999855e+00,8.748780000000000445e-01,2.011912500000000037e+01,1.766430000000000064e+03,3.665596500000000233e+05
