Compression_ratio,Efficiency,Massflow,Omega,P
1.975392000000000037e+00,8.764450000000000296e-01,1.975818900000000156e+01,1.716390000000000100e+03,3.616013499999999767e+05
