Compression_ratio,Efficiency,Massflow,Omega,P
2.009024000000000143e+00,8.702980000000000160e-01,1.984597300000000075e+01,1.745910000000000082e+03,3.658973499999999767e+05
