Compression_ratio,Efficiency,Massflow,Omega,P
1.925329000000000068e+00,8.615829999999999878e-01,1.853374499999999969e+01,1.656450000000000045e+03,3.761182500000000000e+05
