Compression_ratio,Efficiency,Massflow,Omega,P
1.997516000000000069e+00,8.710550000000000237e-01,1.934757700000000114e+01,1.702890000000000100e+03,3.733437500000000000e+05
