Compression_ratio,Efficiency,Massflow,Omega,P
2.019779000000000213e+00,8.776490000000000125e-01,2.007729900000000001e+01,1.746630000000000109e+03,3.636956500000000233e+05
