Compression_ratio,Efficiency,Massflow,Omega,P
2.046012000000000164e+00,8.560379999999999656e-01,2.038542500000000146e+01,1.794150000000000091e+03,3.623710499999999884e+05
