Compression_ratio,Efficiency,Massflow,Omega,P
1.963514999999999899e+00,8.833050000000000068e-01,1.924961599999999962e+01,1.675710000000000036e+03,3.690835499999999884e+05
