Compression_ratio,Efficiency,Massflow,Omega,P
1.879118999999999984e+00,8.870130000000000514e-01,1.859749800000000164e+01,1.624769999999999982e+03,3.658794500000000116e+05
