Compression_ratio,Efficiency,Massflow,Omega,P
2.041297000000000139e+00,8.614990000000000148e-01,1.992820199999999886e+01,1.760490000000000009e+03,3.700501500000000233e+05
