Omega,P
1.769849999999999909e+03,3.691372500000000000e+05
