Compression_ratio,Efficiency,Massflow,Omega,P
2.024828999999999990e+00,8.641029999999999545e-01,1.944389999999999930e+01,1.725210000000000036e+03,3.765120499999999884e+05
