Omega,P
1.695150000000000091e+03,3.758497500000000000e+05
