Compression_ratio,Efficiency,Massflow,Omega,P
2.040421999999999958e+00,8.604899999999999771e-01,2.034772999999999854e+01,1.775250000000000000e+03,3.619414500000000116e+05
