Omega,P
1.725750000000000000e+03,3.609032500000000000e+05
