Compression_ratio,Efficiency,Massflow,Omega,P
1.926674999999999915e+00,8.656179999999999986e-01,1.853422399999999826e+01,1.647269999999999982e+03,3.761898499999999767e+05
