Omega,P
1.797750000000000000e+03,3.663627500000000000e+05
