Compression_ratio,Efficiency,Massflow,Omega,P
2.072103999999999946e+00,8.554629999999999734e-01,2.027774799999999900e+01,1.796670000000000073e+03,3.688150499999999884e+05
