Omega,P
1.762650000000000091e+03,3.628722500000000000e+05
