Compression_ratio,Efficiency,Massflow,Omega,P
1.989303000000000043e+00,8.647829999999999684e-01,1.930296399999999934e+01,1.709190000000000055e+03,3.725561500000000233e+05
