Omega,P
1.730250000000000000e+03,3.604557500000000000e+05
