Compression_ratio,Efficiency,Massflow,Omega,P
1.965098000000000011e+00,8.747559999999999780e-01,1.920103299999999891e+01,1.700910000000000082e+03,3.702470499999999884e+05
