Compression_ratio,Efficiency,Massflow,Omega,P
1.909383999999999970e+00,8.712870000000000337e-01,1.868268799999999885e+01,1.646369999999999891e+03,3.700322500000000000e+05
