Compression_ratio,Efficiency,Massflow,Omega,P
1.906962000000000046e+00,8.815220000000000278e-01,1.903873099999999852e+01,1.665630000000000109e+03,3.623531500000000233e+05
