Compression_ratio,Efficiency,Massflow,Omega,P
2.013596000000000164e+00,8.667949999999999822e-01,2.025319899999999862e+01,1.751309999999999945e+03,3.591490499999999884e+05
