Compression_ratio,Efficiency,Massflow,Omega,P
1.881599000000000022e+00,8.603389999999999649e-01,1.824476200000000148e+01,1.630349999999999909e+03,3.731647500000000000e+05
