Compression_ratio,Efficiency,Massflow,Omega,P
2.026114000000000193e+00,8.680550000000000210e-01,2.006635400000000047e+01,1.770930000000000064e+03,3.646085499999999884e+05
