Compression_ratio,Efficiency,Massflow,Omega,P
1.879078000000000026e+00,8.767260000000000053e-01,1.873840600000000123e+01,1.631430000000000064e+03,3.629259500000000116e+05
