Compression_ratio,Efficiency,Massflow,Omega,P
1.869980999999999893e+00,8.725079999999999503e-01,1.844149499999999975e+01,1.624230000000000018e+03,3.671145499999999884e+05
