Omega,P
1.688849999999999909e+03,3.715537500000000000e+05
