Omega,P
1.722150000000000091e+03,3.662732500000000000e+05
