Compression_ratio,Efficiency,Massflow,Omega,P
2.039410999999999863e+00,8.642969999999999819e-01,2.004327400000000026e+01,1.758690000000000055e+03,3.675441500000000233e+05
