Omega,P
1.761750000000000000e+03,3.694057500000000000e+05
