Compression_ratio,Efficiency,Massflow,Omega,P
1.952954000000000079e+00,8.893980000000000219e-01,1.963103100000000012e+01,1.698390000000000100e+03,3.596860499999999884e+05
