Compression_ratio,Efficiency,Massflow,Omega,P
1.986185000000000089e+00,8.698029999999999928e-01,1.994719100000000012e+01,1.710269999999999982e+03,3.600082500000000000e+05
