Compression_ratio,Efficiency,Massflow,Omega,P
1.964169999999999972e+00,8.859099999999999753e-01,1.969939199999999957e+01,1.703430000000000064e+03,3.603304500000000116e+05
