Compression_ratio,Efficiency,Massflow,Omega,P
1.973884999999999890e+00,8.783670000000000089e-01,1.982222600000000057e+01,1.708650000000000091e+03,3.600440499999999884e+05
