Compression_ratio,Efficiency,Massflow,Omega,P
1.891172000000000075e+00,8.734450000000000269e-01,1.842573799999999906e+01,1.629089999999999918e+03,3.716074500000000116e+05
