Compression_ratio,Efficiency,Massflow,Omega,P
2.012538999999999856e+00,8.793999999999999595e-01,1.994229800000000097e+01,1.733130000000000109e+03,3.647517500000000000e+05
