Omega,P
1.672650000000000091e+03,3.651097500000000000e+05
