Compression_ratio,Efficiency,Massflow,Omega,P
2.026895999999999809e+00,8.673680000000000279e-01,1.982711099999999860e+01,1.730970000000000027e+03,3.695847500000000000e+05
