Compression_ratio,Efficiency,Massflow,Omega,P
2.060970999999999886e+00,8.592330000000000245e-01,2.011993400000000065e+01,1.784430000000000064e+03,3.697637500000000000e+05
