Omega,P
1.698750000000000000e+03,3.638567500000000000e+05
