Compression_ratio,Efficiency,Massflow,Omega,P
1.927704000000000084e+00,8.790480000000000516e-01,1.914722300000000033e+01,1.667970000000000027e+03,3.643937500000000000e+05
