Omega,P
1.661849999999999909e+03,3.636777500000000000e+05
