Compression_ratio,Efficiency,Massflow,Omega,P
1.923859999999999904e+00,8.789660000000000251e-01,1.928255300000000005e+01,1.675349999999999909e+03,3.609390499999999884e+05
