Omega,P
1.732049999999999955e+03,3.669892500000000000e+05
