Compression_ratio,Efficiency,Massflow,Omega,P
2.000560999999999812e+00,8.657869999999999733e-01,1.934215800000000129e+01,1.706670000000000073e+03,3.742208499999999767e+05
