Compression_ratio,Efficiency,Massflow,Omega,P
2.021014999999999784e+00,8.784690000000000554e-01,1.990898400000000024e+01,1.742670000000000073e+03,3.669713499999999767e+05
