Compression_ratio,Efficiency,Massflow,Omega,P
2.033558000000000199e+00,8.681189999999999740e-01,2.014272300000000016e+01,1.741230000000000018e+03,3.649665499999999884e+05
