Omega,P
1.731150000000000091e+03,3.637672500000000000e+05
