Compression_ratio,Efficiency,Massflow,Omega,P
2.059396000000000004e+00,8.665979999999999794e-01,2.016317899999999952e+01,1.779029999999999973e+03,3.687613499999999767e+05
