Compression_ratio,Efficiency,Massflow,Omega,P
1.906865000000000032e+00,8.831949999999999523e-01,1.904803499999999872e+01,1.638269999999999982e+03,3.623889500000000116e+05
