Omega,P
1.667250000000000000e+03,3.746862500000000000e+05
