Compression_ratio,Efficiency,Massflow,Omega,P
1.978903000000000079e+00,8.645169999999999799e-01,1.932247200000000120e+01,1.703250000000000000e+03,3.703007500000000000e+05
