Compression_ratio,Efficiency,Massflow,Omega,P
1.952196999999999960e+00,8.754410000000000247e-01,1.926599200000000067e+01,1.689390000000000100e+03,3.667565499999999884e+05
