Compression_ratio,Efficiency,Massflow,Omega,P
2.038828000000000085e+00,8.693999999999999506e-01,2.007205799999999840e+01,1.751670000000000073e+03,3.672219500000000116e+05
