Compression_ratio,Efficiency,Massflow,Omega,P
1.902668999999999944e+00,8.705570000000000253e-01,1.829506500000000102e+01,1.647990000000000009e+03,3.764583499999999767e+05
