Compression_ratio,Efficiency,Massflow,Omega,P
1.904606000000000021e+00,8.652220000000000466e-01,1.837533300000000125e+01,1.649609999999999900e+03,3.752769500000000116e+05
