Compression_ratio,Efficiency,Massflow,Omega,P
2.044719999999999871e+00,8.571940000000000115e-01,2.030144500000000107e+01,1.785690000000000055e+03,3.634450499999999884e+05
