Compression_ratio,Efficiency,Massflow,Omega,P
1.887450999999999990e+00,8.724189999999999445e-01,1.890027200000000107e+01,1.642950000000000045e+03,3.612433499999999767e+05
