Compression_ratio,Efficiency,Massflow,Omega,P
1.897161000000000097e+00,8.744579999999999576e-01,1.874177600000000155e+01,1.641509999999999991e+03,3.662553499999999767e+05
