Compression_ratio,Efficiency,Massflow,Omega,P
1.963835999999999915e+00,8.586219999999999963e-01,1.895801099999999906e+01,1.680750000000000000e+03,3.749368499999999767e+05
