Omega,P
1.633049999999999955e+03,3.705692500000000000e+05
