Compression_ratio,Efficiency,Massflow,Omega,P
1.915775999999999923e+00,8.702180000000000470e-01,1.863907800000000137e+01,1.658789999999999964e+03,3.718759500000000116e+05
