Compression_ratio,Efficiency,Massflow,Omega,P
1.861096000000000084e+00,8.813459999999999628e-01,1.863232299999999952e+01,1.624410000000000082e+03,3.616371500000000233e+05
