Compression_ratio,Efficiency,Massflow,Omega,P
2.036364999999999981e+00,8.679400000000000448e-01,1.974516900000000064e+01,1.728990000000000009e+03,3.730215499999999884e+05
