Compression_ratio,Efficiency,Massflow,Omega,P
1.888038000000000105e+00,8.756770000000000387e-01,1.882385000000000019e+01,1.632690000000000055e+03,3.630691500000000233e+05
