Compression_ratio,Efficiency,Massflow,Omega,P
1.938544000000000045e+00,8.752389999999999892e-01,1.868814899999999923e+01,1.653750000000000000e+03,3.754559500000000116e+05
