Compression_ratio,Efficiency,Massflow,Omega,P
2.066228999999999871e+00,8.773469999999999880e-01,1.997040000000000148e+01,1.755269999999999982e+03,3.741313499999999767e+05
