Compression_ratio,Efficiency,Massflow,Omega,P
1.924177999999999944e+00,8.801440000000000374e-01,1.907467700000000121e+01,1.672109999999999900e+03,3.650560499999999884e+05
