Compression_ratio,Efficiency,Massflow,Omega,P
1.997468999999999939e+00,8.763260000000000494e-01,1.979662000000000077e+01,1.727910000000000082e+03,3.646264500000000116e+05
