Compression_ratio,Efficiency,Massflow,Omega,P
1.933305000000000051e+00,8.873929999999999874e-01,1.940911300000000139e+01,1.666710000000000036e+03,3.604378499999999767e+05
