Compression_ratio,Efficiency,Massflow,Omega,P
1.992806000000000077e+00,8.676939999999999653e-01,2.001814099999999996e+01,1.771470000000000027e+03,3.593638499999999767e+05
