Compression_ratio,Efficiency,Massflow,Omega,P
1.930768000000000040e+00,8.833659999999999846e-01,1.893055599999999927e+01,1.671750000000000000e+03,3.692804500000000116e+05
