Compression_ratio,Efficiency,Massflow,Omega,P
1.931942999999999966e+00,8.608949999999999658e-01,1.876349599999999995e+01,1.667069999999999936e+03,3.725203499999999767e+05
