Compression_ratio,Efficiency,Massflow,Omega,P
2.078240999999999783e+00,8.568989999999999663e-01,2.039310499999999848e+01,1.779210000000000036e+03,3.682064500000000116e+05
