Compression_ratio,Efficiency,Massflow,Omega,P
2.091867000000000143e+00,8.677030000000000021e-01,2.027223800000000153e+01,1.773450000000000045e+03,3.726993499999999767e+05
