Omega,P
1.714950000000000045e+03,3.683317500000000000e+05
