Compression_ratio,Efficiency,Massflow,Omega,P
1.992790000000000061e+00,8.778759999999999897e-01,1.969671699999999959e+01,1.705589999999999918e+03,3.660405499999999884e+05
