Compression_ratio,Efficiency,Massflow,Omega,P
1.927019000000000037e+00,8.580999999999999739e-01,1.855028700000000086e+01,1.662029999999999973e+03,3.759213499999999767e+05
