Compression_ratio,Efficiency,Massflow,Omega,P
2.013907000000000114e+00,8.691640000000000477e-01,1.949975099999999983e+01,1.725029999999999973e+03,3.733258499999999767e+05
