Omega,P
1.621349999999999909e+03,3.748652500000000000e+05
