Omega,P
1.656450000000000045e+03,3.728962500000000000e+05
