Compression_ratio,Efficiency,Massflow,Omega,P
2.051674999999999915e+00,8.752980000000000205e-01,2.004671400000000148e+01,1.744829999999999927e+03,3.700859500000000116e+05
