Omega,P
1.652849999999999909e+03,3.600977500000000000e+05
