Compression_ratio,Efficiency,Massflow,Omega,P
1.992280000000000051e+00,8.797359999999999625e-01,1.988133799999999951e+01,1.712250000000000000e+03,3.622457500000000000e+05
