Omega,P
1.701450000000000045e+03,3.722697500000000000e+05
