Compression_ratio,Efficiency,Massflow,Omega,P
2.086717000000000155e+00,8.618430000000000257e-01,2.016735800000000012e+01,1.785150000000000091e+03,3.735764500000000116e+05
