Compression_ratio,Efficiency,Massflow,Omega,P
2.080213999999999785e+00,8.559529999999999639e-01,1.997692500000000138e+01,1.777230000000000018e+03,3.761003499999999767e+05
