Compression_ratio,Efficiency,Massflow,Omega,P
2.087924999999999809e+00,8.667749999999999622e-01,2.029513499999999837e+01,1.787130000000000109e+03,3.715358499999999767e+05
