Compression_ratio,Efficiency,Massflow,Omega,P
2.091471999999999998e+00,8.612060000000000271e-01,2.020508999999999844e+01,1.776690000000000055e+03,3.740060499999999884e+05
