Compression_ratio,Efficiency,Massflow,Omega,P
2.058488000000000095e+00,8.675739999999999563e-01,1.978737800000000036e+01,1.743569999999999936e+03,3.761540499999999884e+05
