Compression_ratio,Efficiency,Massflow,Omega,P
1.892168999999999990e+00,8.612119999999999775e-01,1.827037699999999987e+01,1.633769999999999982e+03,3.748831500000000233e+05
