Compression_ratio,Efficiency,Massflow,Omega,P
2.052299000000000095e+00,8.599179999999999602e-01,2.045731299999999919e+01,1.790910000000000082e+03,3.618161500000000233e+05
