Omega,P
1.685250000000000000e+03,3.645727500000000000e+05
