Compression_ratio,Efficiency,Massflow,Omega,P
1.894867999999999997e+00,8.739320000000000421e-01,1.831652100000000161e+01,1.633410000000000082e+03,3.742387500000000000e+05
