Compression_ratio,Efficiency,Massflow,Omega,P
2.026222000000000190e+00,8.699900000000000411e-01,1.953805699999999845e+01,1.738529999999999973e+03,3.751874500000000116e+05
