Omega,P
1.750950000000000045e+03,3.744177500000000000e+05
