Compression_ratio,Efficiency,Massflow,Omega,P
1.984682000000000057e+00,8.718630000000000546e-01,1.990842100000000059e+01,1.714410000000000082e+03,3.602409500000000116e+05
