Compression_ratio,Efficiency,Massflow,Omega,P
2.063985000000000181e+00,8.666059999999999874e-01,2.036980099999999894e+01,1.765529999999999973e+03,3.660047500000000000e+05
