Omega,P
1.744650000000000091e+03,3.757602500000000000e+05
