Compression_ratio,Efficiency,Massflow,Omega,P
2.095466000000000051e+00,8.676209999999999756e-01,2.018964199999999920e+01,1.795589999999999918e+03,3.750442500000000000e+05
