Compression_ratio,Efficiency,Massflow,Omega,P
2.015597000000000083e+00,8.594659999999999522e-01,1.981421599999999827e+01,1.758869999999999891e+03,3.672756500000000233e+05
