Compression_ratio,Efficiency,Massflow,Omega,P
1.936417000000000055e+00,8.717610000000000081e-01,1.910821899999999829e+01,1.681289999999999964e+03,3.667028499999999767e+05
