Compression_ratio,Efficiency,Massflow,Omega,P
2.043795999999999946e+00,8.705330000000000013e-01,2.041446399999999883e+01,1.774529999999999973e+03,3.615655499999999884e+05
