Compression_ratio,Efficiency,Massflow,Omega,P
1.946474000000000038e+00,8.674910000000000121e-01,1.871858200000000139e+01,1.652490000000000009e+03,3.763330499999999884e+05
