Compression_ratio,Efficiency,Massflow,Omega,P
1.999894999999999978e+00,8.847350000000000492e-01,1.984840499999999963e+01,1.719450000000000045e+03,3.644832500000000000e+05
