Compression_ratio,Efficiency,Massflow,Omega,P
2.025199999999999889e+00,8.701029999999999598e-01,1.998497599999999963e+01,1.744650000000000091e+03,3.661658499999999767e+05
