Compression_ratio,Efficiency,Massflow,Omega,P
2.044423000000000101e+00,8.559780000000000166e-01,2.046853199999999973e+01,1.795230000000000018e+03,3.604199500000000116e+05
