Omega,P
1.630349999999999909e+03,3.724487500000000000e+05
