Compression_ratio,Efficiency,Massflow,Omega,P
2.015600000000000058e+00,8.615660000000000540e-01,1.990252900000000125e+01,1.756890000000000100e+03,3.658436500000000233e+05
