Compression_ratio,Efficiency,Massflow,Omega,P
1.885688000000000031e+00,8.699249999999999483e-01,1.840220300000000009e+01,1.633049999999999955e+03,3.709451500000000233e+05
