Compression_ratio,Efficiency,Massflow,Omega,P
2.036748999999999921e+00,8.540489999999999471e-01,2.009848699999999866e+01,1.770210000000000036e+03,3.657362500000000000e+05
