Compression_ratio,Efficiency,Massflow,Omega,P
2.064303999999999917e+00,8.520130000000000203e-01,2.003908500000000004e+01,1.772549999999999955e+03,3.719833499999999767e+05
