Compression_ratio,Efficiency,Massflow,Omega,P
2.056134999999999824e+00,8.641969999999999930e-01,2.011969200000000058e+01,1.745369999999999891e+03,3.693341500000000233e+05
