Compression_ratio,Efficiency,Massflow,Omega,P
1.895351999999999926e+00,8.744450000000000278e-01,1.865073800000000048e+01,1.640789999999999964e+03,3.678126500000000233e+05
