Compression_ratio,Efficiency,Massflow,Omega,P
1.972450000000000037e+00,8.663020000000000165e-01,1.908703799999999973e+01,1.698750000000000000e+03,3.738628499999999767e+05
