Compression_ratio,Efficiency,Massflow,Omega,P
2.018015000000000114e+00,8.698139999999999761e-01,2.012876299999999929e+01,1.735109999999999900e+03,3.624426500000000233e+05
