Compression_ratio,Efficiency,Massflow,Omega,P
2.030407999999999991e+00,8.680149999999999810e-01,1.983098299999999981e+01,1.734750000000000000e+03,3.702112500000000000e+05
