Compression_ratio,Efficiency,Massflow,Omega,P
1.988663999999999987e+00,8.663570000000000437e-01,1.948317700000000130e+01,1.721970000000000027e+03,3.689761500000000233e+05
