Compression_ratio,Efficiency,Massflow,Omega,P
1.865234999999999976e+00,8.816319999999999713e-01,1.836312200000000061e+01,1.620630000000000109e+03,3.677231500000000233e+05
