Omega,P
1.642049999999999955e+03,3.704797500000000000e+05
