Omega,P
1.767150000000000091e+03,3.737017500000000000e+05
