Compression_ratio,Efficiency,Massflow,Omega,P
1.890074000000000032e+00,8.710579999999999989e-01,1.869317300000000159e+01,1.643490000000000009e+03,3.659868499999999767e+05
