Omega,P
1.774349999999999909e+03,3.605452500000000000e+05
