Compression_ratio,Efficiency,Massflow,Omega,P
1.945144999999999902e+00,8.629890000000000061e-01,1.930980200000000124e+01,1.684710000000000036e+03,3.642326500000000233e+05
