Compression_ratio,Efficiency,Massflow,Omega,P
2.063248999999999889e+00,8.475869999999999793e-01,2.038795899999999861e+01,1.789650000000000091e+03,3.651455499999999884e+05
