Compression_ratio,Efficiency,Massflow,Omega,P
1.914454000000000100e+00,8.666249999999999787e-01,1.866960100000000011e+01,1.655549999999999955e+03,3.711420499999999884e+05
