Compression_ratio,Efficiency,Massflow,Omega,P
1.963127000000000066e+00,8.786559999999999926e-01,1.955229399999999984e+01,1.691910000000000082e+03,3.631765499999999884e+05
