Compression_ratio,Efficiency,Massflow,Omega,P
2.040290000000000159e+00,8.608770000000000033e-01,1.976493500000000125e+01,1.746269999999999982e+03,3.732721500000000233e+05
