Compression_ratio,Efficiency,Massflow,Omega,P
2.014308999999999905e+00,8.743039999999999701e-01,1.991554299999999955e+01,1.731329999999999927e+03,3.656467500000000000e+05
