Compression_ratio,Efficiency,Massflow,Omega,P
2.073339999999999961e+00,8.538940000000000419e-01,2.015086600000000061e+01,1.782809999999999945e+03,3.712852500000000000e+05
