Compression_ratio,Efficiency,Massflow,Omega,P
1.918566999999999911e+00,8.840369999999999617e-01,1.915675999999999846e+01,1.648170000000000073e+03,3.622815499999999884e+05
