Compression_ratio,Efficiency,Massflow,Omega,P
2.002688000000000024e+00,8.802400000000000224e-01,1.968989300000000142e+01,1.707930000000000064e+03,3.678663499999999767e+05
