Compression_ratio,Efficiency,Massflow,Omega,P
2.075436999999999976e+00,8.544190000000000396e-01,2.013025100000000123e+01,1.780650000000000091e+03,3.724308499999999767e+05
