Omega,P
1.754549999999999955e+03,3.597397500000000000e+05
