Compression_ratio,Efficiency,Massflow,Omega,P
1.990153999999999979e+00,8.759029999999999871e-01,1.916870600000000024e+01,1.691730000000000018e+03,3.757602500000000000e+05
