Compression_ratio,Efficiency,Massflow,Omega,P
2.000614999999999810e+00,8.730320000000000302e-01,1.998331599999999852e+01,1.740509999999999991e+03,3.617803499999999767e+05
