Compression_ratio,Efficiency,Massflow,Omega,P
1.971112999999999893e+00,8.806460000000000399e-01,1.969171599999999955e+01,1.699109999999999900e+03,3.621562500000000000e+05
