Compression_ratio,Efficiency,Massflow,Omega,P
2.020767000000000202e+00,8.632670000000000066e-01,2.008280600000000149e+01,1.734390000000000100e+03,3.638925499999999884e+05
