Compression_ratio,Efficiency,Massflow,Omega,P
1.936863000000000001e+00,8.815479999999999983e-01,1.924458500000000072e+01,1.685789999999999964e+03,3.641789500000000116e+05
