Compression_ratio,Efficiency,Massflow,Omega,P
2.013382000000000005e+00,8.690660000000000052e-01,1.933390599999999893e+01,1.710630000000000109e+03,3.765657500000000000e+05
