Compression_ratio,Efficiency,Massflow,Omega,P
1.874144000000000032e+00,8.709280000000000355e-01,1.823347700000000060e+01,1.637910000000000082e+03,3.719296500000000233e+05
