Compression_ratio,Efficiency,Massflow,Omega,P
2.054317000000000171e+00,8.617479999999999585e-01,2.045351600000000047e+01,1.792890000000000100e+03,3.625679500000000116e+05
