Compression_ratio,Efficiency,Massflow,Omega,P
1.936676999999999982e+00,8.835210000000000008e-01,1.931594700000000131e+01,1.692269999999999982e+03,3.627111500000000233e+05
