Compression_ratio,Efficiency,Massflow,Omega,P
1.927276999999999907e+00,8.831890000000000018e-01,1.919764100000000084e+01,1.660230000000000018e+03,3.633197500000000000e+05
