Omega,P
1.677150000000000091e+03,3.718222500000000000e+05
