Omega,P
1.669049999999999955e+03,3.608137500000000000e+05
