Compression_ratio,Efficiency,Massflow,Omega,P
1.869202000000000030e+00,8.735920000000000352e-01,1.856057300000000154e+01,1.631609999999999900e+03,3.645011500000000233e+05
