Compression_ratio,Efficiency,Massflow,Omega,P
2.097161999999999971e+00,8.556580000000000297e-01,2.017293799999999848e+01,1.796849999999999909e+03,3.755633499999999767e+05
