Compression_ratio,Efficiency,Massflow,Omega,P
2.039079999999999782e+00,8.683180000000000343e-01,1.961968299999999843e+01,1.716750000000000000e+03,3.760824500000000116e+05
