Compression_ratio,Efficiency,Massflow,Omega,P
2.039870000000000072e+00,8.739209999999999479e-01,1.971765699999999910e+01,1.727369999999999891e+03,3.740597500000000000e+05
