Omega,P
1.638450000000000045e+03,3.672577500000000000e+05
