Compression_ratio,Efficiency,Massflow,Omega,P
2.034513000000000016e+00,8.679879999999999818e-01,2.028659000000000034e+01,1.756710000000000036e+03,3.621920499999999884e+05
