Compression_ratio,Efficiency,Massflow,Omega,P
2.084607000000000099e+00,8.581159999999999899e-01,1.999955900000000142e+01,1.785329999999999927e+03,3.764941500000000233e+05
