Compression_ratio,Efficiency,Massflow,Omega,P
2.063000999999999863e+00,8.604659999999999531e-01,2.035290600000000083e+01,1.786769999999999982e+03,3.661837500000000000e+05
