Compression_ratio,Efficiency,Massflow,Omega,P
1.905337999999999976e+00,8.540149999999999686e-01,1.849043100000000095e+01,1.650509999999999991e+03,3.727888499999999767e+05
