Compression_ratio,Efficiency,Massflow,Omega,P
2.020488999999999979e+00,8.610619999999999941e-01,1.960834200000000038e+01,1.721250000000000000e+03,3.728425499999999884e+05
