Omega,P
1.636650000000000091e+03,3.701217500000000000e+05
