Compression_ratio,Efficiency,Massflow,Omega,P
1.911033999999999899e+00,8.826939999999999786e-01,1.864601800000000154e+01,1.653569999999999936e+03,3.709630499999999884e+05
