Compression_ratio,Efficiency,Massflow,Omega,P
2.087359000000000187e+00,8.584760000000000169e-01,2.017863799999999941e+01,1.784069999999999936e+03,3.736659500000000116e+05
