Compression_ratio,Efficiency,Massflow,Omega,P
1.978509000000000073e+00,8.678289999999999615e-01,1.919729500000000044e+01,1.686690000000000055e+03,3.728783499999999767e+05
