Omega,P
1.719450000000000045e+03,3.641252500000000000e+05
