Omega,P
1.659150000000000091e+03,3.666312500000000000e+05
