Compression_ratio,Efficiency,Massflow,Omega,P
1.923445000000000071e+00,8.753819999999999935e-01,1.901121600000000100e+01,1.652670000000000073e+03,3.663269500000000116e+05
