Compression_ratio,Efficiency,Massflow,Omega,P
1.861218000000000039e+00,8.653509999999999813e-01,1.811579499999999854e+01,1.623150000000000091e+03,3.716790499999999884e+05
