Compression_ratio,Efficiency,Massflow,Omega,P
1.976285999999999987e+00,8.841959999999999820e-01,1.946968899999999891e+01,1.689210000000000036e+03,3.673114500000000116e+05
