Compression_ratio,Efficiency,Massflow,Omega,P
1.871863000000000055e+00,8.696690000000000254e-01,1.876635800000000032e+01,1.627109999999999900e+03,3.609211500000000233e+05
