Compression_ratio,Efficiency,Massflow,Omega,P
1.970129000000000019e+00,8.729219999999999757e-01,1.933531199999999828e+01,1.680029999999999973e+03,3.687255499999999884e+05
