Compression_ratio,Efficiency,Massflow,Omega,P
2.029815000000000147e+00,8.701839999999999575e-01,2.014087299999999914e+01,1.761029999999999973e+03,3.640894500000000116e+05
