Omega,P
1.796849999999999909e+03,3.630512500000000000e+05
