Compression_ratio,Efficiency,Massflow,Omega,P
1.921162000000000036e+00,8.774290000000000145e-01,1.896139399999999853e+01,1.670130000000000109e+03,3.665954500000000116e+05
