Compression_ratio,Efficiency,Massflow,Omega,P
1.932215000000000016e+00,8.816410000000000080e-01,1.946032299999999893e+01,1.669230000000000018e+03,3.591669500000000116e+05
