Compression_ratio,Efficiency,Massflow,Omega,P
2.030101999999999851e+00,8.595310000000000450e-01,2.023731599999999986e+01,1.769670000000000073e+03,3.622278499999999767e+05
