Compression_ratio,Efficiency,Massflow,Omega,P
2.057328000000000046e+00,8.682649999999999535e-01,1.975790200000000141e+01,1.746450000000000045e+03,3.765836500000000233e+05
