Compression_ratio,Efficiency,Massflow,Omega,P
1.925464999999999982e+00,8.676749999999999741e-01,1.868652700000000166e+01,1.649430000000000064e+03,3.729320499999999884e+05
