Compression_ratio,Efficiency,Massflow,Omega,P
2.065097999999999878e+00,8.598360000000000447e-01,2.048350800000000049e+01,1.798289999999999964e+03,3.637314500000000116e+05
