Compression_ratio,Efficiency,Massflow,Omega,P
2.023140999999999856e+00,8.617179999999999840e-01,1.982435900000000117e+01,1.739250000000000000e+03,3.688866500000000233e+05
