Compression_ratio,Efficiency,Massflow,Omega,P
2.013155999999999946e+00,8.631010000000000071e-01,1.947384699999999924e+01,1.724670000000000073e+03,3.737912500000000000e+05
