Compression_ratio,Efficiency,Massflow,Omega,P
2.080559000000000047e+00,8.640809999999999880e-01,2.020888599999999968e+01,1.780470000000000027e+03,3.719117500000000000e+05
