Compression_ratio,Efficiency,Massflow,Omega,P
1.999714999999999909e+00,8.675680000000000058e-01,1.987608099999999922e+01,1.731150000000000091e+03,3.637135499999999884e+05
