Compression_ratio,Efficiency,Massflow,Omega,P
1.851191000000000031e+00,8.737089999999999579e-01,1.865936299999999903e+01,1.625490000000000009e+03,3.590953499999999767e+05
