Compression_ratio,Efficiency,Massflow,Omega,P
1.997562000000000060e+00,8.731100000000000527e-01,1.986896099999999876e+01,1.705950000000000045e+03,3.634987500000000000e+05
