Compression_ratio,Efficiency,Massflow,Omega,P
1.844446000000000030e+00,8.649250000000000549e-01,1.833283600000000035e+01,1.623329999999999927e+03,3.640715499999999884e+05
