Compression_ratio,Efficiency,Massflow,Omega,P
2.034940000000000193e+00,8.699980000000000491e-01,2.032399900000000059e+01,1.753289999999999964e+03,3.617266500000000233e+05
