Compression_ratio,Efficiency,Massflow,Omega,P
1.986852000000000062e+00,8.677190000000000181e-01,1.932554199999999867e+01,1.692450000000000045e+03,3.720370499999999884e+05
