Compression_ratio,Efficiency,Massflow,Omega,P
1.961859999999999937e+00,8.778129999999999544e-01,1.933298500000000075e+01,1.701450000000000045e+03,3.671324500000000116e+05
