Compression_ratio,Efficiency,Massflow,Omega,P
1.997976999999999892e+00,8.731440000000000312e-01,1.959429499999999891e+01,1.715130000000000109e+03,3.686897500000000000e+05
