Compression_ratio,Efficiency,Massflow,Omega,P
1.901645999999999948e+00,8.742100000000000426e-01,1.857412899999999922e+01,1.649970000000000027e+03,3.705513499999999767e+05
