Compression_ratio,Efficiency,Massflow,Omega,P
2.071791999999999856e+00,8.566190000000000193e-01,1.999661800000000156e+01,1.769130000000000109e+03,3.743461500000000233e+05
