Compression_ratio,Efficiency,Massflow,Omega,P
1.903130999999999906e+00,8.743170000000000108e-01,1.895173399999999830e+01,1.655009999999999991e+03,3.634092500000000000e+05
