Compression_ratio,Efficiency,Massflow,Omega,P
2.043616000000000099e+00,8.550990000000000535e-01,1.969629600000000025e+01,1.743210000000000036e+03,3.751337500000000000e+05
