Compression_ratio,Efficiency,Massflow,Omega,P
1.919410000000000061e+00,8.755770000000000497e-01,1.865265799999999885e+01,1.660950000000000045e+03,3.722697500000000000e+05
