Compression_ratio,Efficiency,Massflow,Omega,P
2.116712000000000149e+00,8.616610000000000102e-01,2.043251499999999865e+01,1.791269999999999982e+03,3.742745499999999884e+05
