Compression_ratio,Efficiency,Massflow,Omega,P
2.034092999999999929e+00,8.680719999999999548e-01,2.030310899999999918e+01,1.773269999999999982e+03,3.618698499999999767e+05
