Omega,P
1.687950000000000045e+03,3.659152500000000000e+05
