Compression_ratio,Efficiency,Massflow,Omega,P
2.048757999999999857e+00,8.635570000000000190e-01,2.016741899999999887e+01,1.762289999999999964e+03,3.670250499999999884e+05
