Compression_ratio,Efficiency,Massflow,Omega,P
1.875251999999999919e+00,8.694699999999999651e-01,1.826268599999999864e+01,1.626750000000000000e+03,3.715716500000000233e+05
