Compression_ratio,Efficiency,Massflow,Omega,P
2.039123000000000019e+00,8.550950000000000495e-01,2.040392800000000051e+01,1.787849999999999909e+03,3.606884500000000116e+05
