Compression_ratio,Efficiency,Massflow,Omega,P
2.060400000000000009e+00,8.657709999999999573e-01,1.998511900000000097e+01,1.743750000000000000e+03,3.725740499999999884e+05
