Compression_ratio,Efficiency,Massflow,Omega,P
2.009532000000000096e+00,8.702550000000000008e-01,2.002816100000000077e+01,1.725930000000000064e+03,3.626932500000000000e+05
