Compression_ratio,Efficiency,Massflow,Omega,P
1.942906000000000022e+00,8.774790000000000090e-01,1.933522999999999925e+01,1.666890000000000100e+03,3.636419500000000116e+05
