Compression_ratio,Efficiency,Massflow,Omega,P
1.921305999999999958e+00,8.694509999999999739e-01,1.880478300000000047e+01,1.668690000000000055e+03,3.697279500000000116e+05
