Omega,P
1.766250000000000000e+03,3.721802500000000000e+05
