Compression_ratio,Efficiency,Massflow,Omega,P
2.006477999999999984e+00,8.687390000000000390e-01,1.927520099999999914e+01,1.709549999999999955e+03,3.765478499999999767e+05
