Compression_ratio,Efficiency,Massflow,Omega,P
2.024964000000000208e+00,8.658470000000000333e-01,2.031155899999999903e+01,1.762470000000000027e+03,3.599903499999999767e+05
