Compression_ratio,Efficiency,Massflow,Omega,P
2.024812999999999974e+00,8.658439999999999470e-01,1.967182599999999937e+01,1.721430000000000064e+03,3.723413499999999767e+05
