Compression_ratio,Efficiency,Massflow,Omega,P
1.904371999999999954e+00,8.774840000000000417e-01,1.914155500000000032e+01,1.658609999999999900e+03,3.600261500000000233e+05
