Compression_ratio,Efficiency,Massflow,Omega,P
1.973584000000000005e+00,8.842569999999999597e-01,1.954294799999999910e+01,1.683450000000000045e+03,3.653424500000000116e+05
