Compression_ratio,Efficiency,Massflow,Omega,P
2.081408999999999843e+00,8.509449999999999514e-01,2.012481700000000018e+01,1.786049999999999955e+03,3.734332500000000000e+05
