Compression_ratio,Efficiency,Massflow,Omega,P
1.956301000000000068e+00,8.907519999999999882e-01,1.958292600000000050e+01,1.679130000000000109e+03,3.614402500000000000e+05
