Compression_ratio,Efficiency,Massflow,Omega,P
2.041352999999999973e+00,8.633389999999999675e-01,1.978530200000000150e+01,1.764809999999999945e+03,3.725024500000000116e+05
