Compression_ratio,Efficiency,Massflow,Omega,P
1.902088999999999919e+00,8.828730000000000189e-01,1.915542500000000103e+01,1.662930000000000064e+03,3.594175499999999884e+05
