Compression_ratio,Efficiency,Massflow,Omega,P
2.020649000000000139e+00,8.666340000000000154e-01,2.006214599999999848e+01,1.749150000000000091e+03,3.638746500000000233e+05
