Compression_ratio,Efficiency,Massflow,Omega,P
1.875197999999999920e+00,8.640919999999999712e-01,1.836271599999999893e+01,1.630710000000000036e+03,3.695131500000000233e+05
