Compression_ratio,Efficiency,Massflow,Omega,P
2.029193999999999942e+00,8.612990000000000368e-01,1.999168399999999934e+01,1.739970000000000027e+03,3.667923499999999767e+05
