Compression_ratio,Efficiency,Massflow,Omega,P
1.929828000000000099e+00,8.800959999999999894e-01,1.866578000000000159e+01,1.655730000000000018e+03,3.743282500000000000e+05
