Omega,P
1.642950000000000045e+03,3.755812500000000000e+05
