Compression_ratio,Efficiency,Massflow,Omega,P
2.009949999999999903e+00,8.617430000000000367e-01,1.943778400000000062e+01,1.718369999999999891e+03,3.739344500000000116e+05
