Compression_ratio,Efficiency,Massflow,Omega,P
1.875269999999999992e+00,8.807639999999999914e-01,1.878890600000000077e+01,1.646910000000000082e+03,3.610822500000000000e+05
