Compression_ratio,Efficiency,Massflow,Omega,P
1.871054999999999913e+00,8.634140000000000148e-01,1.832460100000000125e+01,1.624950000000000045e+03,3.695310499999999884e+05
