Omega,P
1.724849999999999909e+03,3.741492500000000000e+05
