Compression_ratio,Efficiency,Massflow,Omega,P
2.023168000000000077e+00,8.559440000000000381e-01,2.021186199999999999e+01,1.766789999999999964e+03,3.615834500000000116e+05
