Compression_ratio,Efficiency,Massflow,Omega,P
2.006543999999999883e+00,8.765560000000000018e-01,1.949125400000000141e+01,1.704690000000000055e+03,3.722518499999999767e+05
