Compression_ratio,Efficiency,Massflow,Omega,P
2.042551000000000005e+00,8.492210000000000036e-01,2.017594499999999869e+01,1.776150000000000091e+03,3.654140499999999884e+05
