Compression_ratio,Efficiency,Massflow,Omega,P
1.915534000000000070e+00,8.854549999999999921e-01,1.871042200000000122e+01,1.644930000000000064e+03,3.707124500000000116e+05
