Omega,P
1.644750000000000000e+03,3.761182500000000000e+05
