Compression_ratio,Efficiency,Massflow,Omega,P
1.964093000000000089e+00,8.757310000000000372e-01,1.970706500000000005e+01,1.696589999999999918e+03,3.604915499999999884e+05
