Compression_ratio,Efficiency,Massflow,Omega,P
2.071973999999999982e+00,8.559909999999999464e-01,2.030723199999999906e+01,1.793250000000000000e+03,3.679916500000000233e+05
