Compression_ratio,Efficiency,Massflow,Omega,P
2.047544999999999948e+00,8.586270000000000291e-01,2.055955499999999958e+01,1.797569999999999936e+03,3.592385499999999884e+05
