Compression_ratio,Efficiency,Massflow,Omega,P
2.003964999999999996e+00,8.755479999999999929e-01,1.948341200000000129e+01,1.713329999999999927e+03,3.721086500000000233e+05
