Omega,P
1.633950000000000045e+03,3.634092500000000000e+05
