Compression_ratio,Efficiency,Massflow,Omega,P
1.952034999999999965e+00,8.826669999999999794e-01,1.933175900000000169e+01,1.688130000000000109e+03,3.653245499999999884e+05
