Compression_ratio,Efficiency,Massflow,Omega,P
2.033980999999999817e+00,8.709069999999999867e-01,1.955126399999999975e+01,1.730609999999999900e+03,3.762972500000000000e+05
