Compression_ratio,Efficiency,Massflow,Omega,P
2.006349000000000160e+00,8.639160000000000172e-01,2.007089399999999912e+01,1.776869999999999891e+03,3.606168499999999767e+05
