Compression_ratio,Efficiency,Massflow,Omega,P
1.903450000000000086e+00,8.676089999999999636e-01,1.890527200000000008e+01,1.657170000000000073e+03,3.643758499999999767e+05
