Compression_ratio,Efficiency,Massflow,Omega,P
1.907334000000000085e+00,8.711179999999999479e-01,1.876105499999999893e+01,1.651769999999999982e+03,3.677410499999999884e+05
