Compression_ratio,Efficiency,Massflow,Omega,P
2.067778000000000116e+00,8.601109999999999589e-01,1.997698099999999855e+01,1.768230000000000018e+03,3.739165499999999884e+05
