Compression_ratio,Efficiency,Massflow,Omega,P
2.041666000000000203e+00,8.594389999999999530e-01,1.989211200000000090e+01,1.754369999999999891e+03,3.709093499999999767e+05
