Compression_ratio,Efficiency,Massflow,Omega,P
1.953340000000000076e+00,8.814589999999999925e-01,1.929298299999999955e+01,1.678769999999999982e+03,3.664701500000000233e+05
