Omega,P
1.624950000000000045e+03,3.692267500000000000e+05
