Compression_ratio,Efficiency,Massflow,Omega,P
1.928649999999999975e+00,8.651889999999999858e-01,1.880475699999999861e+01,1.664910000000000082e+03,3.712494500000000116e+05
