Omega,P
1.737450000000000045e+03,3.766552500000000000e+05
