Compression_ratio,Efficiency,Massflow,Omega,P
2.064557999999999893e+00,8.594800000000000217e-01,2.008713600000000099e+01,1.766069999999999936e+03,3.714821500000000233e+05
