Omega,P
1.678049999999999955e+03,3.719117500000000000e+05
