Compression_ratio,Efficiency,Massflow,Omega,P
2.015241000000000060e+00,8.749219999999999775e-01,1.944454700000000003e+01,1.714049999999999955e+03,3.748652500000000000e+05
