Compression_ratio,Efficiency,Massflow,Omega,P
2.062300000000000022e+00,8.757709999999999662e-01,2.004999499999999912e+01,1.755809999999999945e+03,3.718938499999999767e+05
