Compression_ratio,Efficiency,Massflow,Omega,P
1.905372000000000066e+00,8.656840000000000090e-01,1.883160799999999924e+01,1.656269999999999982e+03,3.660763499999999767e+05
