Compression_ratio,Efficiency,Massflow,Omega,P
1.935256000000000087e+00,8.786079999999999446e-01,1.921746100000000013e+01,1.660410000000000082e+03,3.644116500000000233e+05
