Compression_ratio,Efficiency,Massflow,Omega,P
1.980345000000000022e+00,8.825209999999999999e-01,1.994426899999999847e+01,1.726109999999999900e+03,3.591311500000000233e+05
