Compression_ratio,Efficiency,Massflow,Omega,P
2.056592999999999893e+00,8.577190000000000092e-01,2.023603299999999905e+01,1.767150000000000091e+03,3.670966500000000233e+05
