Compression_ratio,Efficiency,Massflow,Omega,P
2.043255999999999961e+00,8.654870000000000063e-01,2.041443699999999950e+01,1.786410000000000082e+03,3.612970499999999884e+05
