Compression_ratio,Efficiency,Massflow,Omega,P
2.036005999999999982e+00,8.625030000000000197e-01,1.976572300000000126e+01,1.750950000000000045e+03,3.723055499999999884e+05
