Compression_ratio,Efficiency,Massflow,Omega,P
2.081796000000000202e+00,8.554880000000000262e-01,2.025058200000000141e+01,1.788569999999999936e+03,3.712136500000000233e+05
